best_obs,best_true,cal_cov80,cal_cov80_edge,cal_cov80_inner,cal_width,cal_width_rel,ckpt_sha,config,cuda_version,cv,device_actual,device_req,exp_id,gp_kernel_resolved,k_top,method,n_global,n_local,n_obs,n_rep,n_sub,n_wells,peak_gpu_mem,phase,python,round,scenario,seed,tabpfn_model,torch_version,wall_s
0.6009115741430643,0.6833605758418011,,,,,,,d80_w96_k8x3_cv0.06,,0.06,cpu,cpu,v2a,,8,gp_bo_kb,1200,300,96,3,80,96,0,P2,3.12.10,0,11,1,v2,2.14.0+cu130,0.20456194877624512
0.7540977508948332,0.744064531362107,0.03125,0.0,0.05,0.15053566553827888,1.4026407638746023,,d80_w96_k8x3_cv0.06,,0.06,cpu,cpu,v2a,,8,gp_bo_kb,1200,300,192,3,80,96,0,P2,3.12.10,1,11,1,v2,2.14.0+cu130,5.584895133972168
0.8570470599832543,0.7941521201904259,0.5104166666666666,0.4722222222222222,0.5333333333333333,0.3029147045314243,2.107550757852592,,d80_w96_k8x3_cv0.06,,0.06,cpu,cpu,v2a,,8,gp_bo_kb,1200,300,288,3,80,96,0,P2,3.12.10,2,11,1,v2,2.14.0+cu130,2.73817777633667
1.1710581221043774,1.206755978865521,0.46875,0.5555555555555556,0.4166666666666667,0.37875474372432033,2.347604650330443,,d80_w96_k8x3_cv0.06,,0.06,cpu,cpu,v2a,,8,gp_bo_kb,1200,300,384,3,80,96,0,P2,3.12.10,3,11,1,v2,2.14.0+cu130,15.484598636627197
1.8746869924147818,1.8854040078895804,0.4583333333333333,0.3611111111111111,0.5166666666666667,0.4367714338777821,2.3559648613768833,,d80_w96_k8x3_cv0.06,,0.06,cpu,cpu,v2a,,8,gp_bo_kb,1200,300,480,3,80,96,0,P2,3.12.10,4,11,1,v2,2.14.0+cu130,14.248249053955078
12.288301187114408,15.442359118822713,,,,,,,d80_w96_k8x3_cv0.06,,0.06,cpu,cpu,v2a,,8,gp_bo_kb,1200,300,96,3,80,96,0,P2,3.12.10,0,13,1,v2,2.14.0+cu130,0.31516575813293457
20.531602690211255,17.49132390098345,0.052083333333333336,0.0,0.08333333333333333,3.4401432177761606,1.478697908464396,,d80_w96_k8x3_cv0.06,,0.06,cpu,cpu,v2a,,8,gp_bo_kb,1200,300,192,3,80,96,0,P2,3.12.10,1,13,1,v2,2.14.0+cu130,4.716296195983887
25.36352632767912,27.808994467217417,0.59375,0.6666666666666666,0.55,7.48182263606853,2.3744922694999584,,d80_w96_k8x3_cv0.06,,0.06,cpu,cpu,v2a,,8,gp_bo_kb,1200,300,288,3,80,96,0,P2,3.12.10,2,13,1,v2,2.14.0+cu130,3.2410550117492676
29.57630616566708,28.530425150727435,0.40625,0.4722222222222222,0.36666666666666664,8.358147847106695,1.3741317069905,,d80_w96_k8x3_cv0.06,,0.06,cpu,cpu,v2a,,8,gp_bo_kb,1200,300,384,3,80,96,0,P2,3.12.10,3,13,1,v2,2.14.0+cu130,8.116069555282593
30.378275433052078,28.538352733009926,0.3541666666666667,0.3888888888888889,0.3333333333333333,12.435830850958448,1.3979930317873772,,d80_w96_k8x3_cv0.06,,0.06,cpu,cpu,v2a,,8,gp_bo_kb,1200,300,480,3,80,96,0,P2,3.12.10,4,13,1,v2,2.14.0+cu130,28.09651756286621
0.982605890628894,1.0044250125761929,,,,,,,d80_w96_k8x3_cv0.06,,0.06,cpu,cpu,v2a,,8,gp_bo_kb,1200,300,96,3,80,96,0,P2,3.12.10,0,12,1,v2,2.14.0+cu130,0.22679805755615234
2.7623196460726613,2.4704563105008077,0.07291666666666667,0.027777777777777776,0.1,0.19868050183484987,1.1810465792683356,,d80_w96_k8x3_cv0.06,,0.06,cpu,cpu,v2a,,8,gp_bo_kb,1200,300,192,3,80,96,0,P2,3.12.10,1,12,1,v2,2.14.0+cu130,5.388460397720337
2.7623196460726613,2.4881215753689654,0.3020833333333333,0.3888888888888889,0.25,0.7829397335400025,2.083287977326198,,d80_w96_k8x3_cv0.06,,0.06,cpu,cpu,v2a,,8,gp_bo_kb,1200,300,288,3,80,96,0,P2,3.12.10,2,12,1,v2,2.14.0+cu130,4.960852146148682
2.7623196460726613,2.4881215753689654,0.4479166666666667,0.6111111111111112,0.35,1.2205295385634944,2.113899058960055,,d80_w96_k8x3_cv0.06,,0.06,cpu,cpu,v2a,,8,gp_bo_kb,1200,300,384,3,80,96,0,P2,3.12.10,3,12,1,v2,2.14.0+cu130,8.950926065444946
2.7623196460726613,2.5454796012671213,0.59375,0.5833333333333334,0.6,1.2885275843754334,2.0610172487457588,,d80_w96_k8x3_cv0.06,,0.06,cpu,cpu,v2a,,8,gp_bo_kb,1200,300,480,3,80,96,0,P2,3.12.10,4,12,1,v2,2.14.0+cu130,20.066169023513794
1.7283785741135198,1.839830131432524,,,,,,,d80_w96_k8x3_cv0.06,,0.06,cpu,cpu,v2a,,8,gp_bo_kb,1200,300,96,3,80,96,0,P2,3.12.10,0,12,0,v2,2.14.0+cu130,0.21872925758361816
1.7283785741135198,1.839830131432524,0.21875,0.19444444444444445,0.23333333333333334,0.30962887418440316,1.4836832618462417,,d80_w96_k8x3_cv0.06,,0.06,cpu,cpu,v2a,,8,gp_bo_kb,1200,300,192,3,80,96,0,P2,3.12.10,1,12,0,v2,2.14.0+cu130,5.383507966995239
2.571623002124026,2.5447361676913105,0.4270833333333333,0.4444444444444444,0.4166666666666667,0.7328499936919276,1.9652262113201326,,d80_w96_k8x3_cv0.06,,0.06,cpu,cpu,v2a,,8,gp_bo_kb,1200,300,288,3,80,96,0,P2,3.12.10,2,12,0,v2,2.14.0+cu130,6.361940860748291
2.571623002124026,2.5447361676913105,0.3020833333333333,0.2777777777777778,0.31666666666666665,1.0368674911927984,1.9736355953549292,,d80_w96_k8x3_cv0.06,,0.06,cpu,cpu,v2a,,8,gp_bo_kb,1200,300,384,3,80,96,0,P2,3.12.10,3,12,0,v2,2.14.0+cu130,11.868131637573242
2.571623002124026,2.5447361676913105,0.3333333333333333,0.4722222222222222,0.25,1.2884754052324385,2.040912291288094,,d80_w96_k8x3_cv0.06,,0.06,cpu,cpu,v2a,,8,gp_bo_kb,1200,300,480,3,80,96,0,P2,3.12.10,4,12,0,v2,2.14.0+cu130,27.521961450576782
36.63298054771051,40.65485303123589,,,,,,,d80_w96_k8x3_cv0.06,,0.06,cpu,cpu,v2a,,8,gp_bo_kb,1200,300,96,3,80,96,0,P2,3.12.10,0,10,1,v2,2.14.0+cu130,0.626823902130127
40.739538454569704,42.43910802932958,0.07291666666666667,0.08333333333333333,0.06666666666666667,8.780693161627374,1.6041966106431653,,d80_w96_k8x3_cv0.06,,0.06,cpu,cpu,v2a,,8,gp_bo_kb,1200,300,192,3,80,96,0,P2,3.12.10,1,10,1,v2,2.14.0+cu130,5.327762842178345
40.739538454569704,42.43910802932958,0.28125,0.3055555555555556,0.26666666666666666,16.045540936761363,2.127981635662879,,d80_w96_k8x3_cv0.06,,0.06,cpu,cpu,v2a,,8,gp_bo_kb,1200,300,288,3,80,96,0,P2,3.12.10,2,10,1,v2,2.14.0+cu130,5.08127236366272
52.50600697748287,52.28597891600431,0.3020833333333333,0.3055555555555556,0.3,21.36456969629349,2.067040837986285,,d80_w96_k8x3_cv0.06,,0.06,cpu,cpu,v2a,,8,gp_bo_kb,1200,300,384,3,80,96,0,P2,3.12.10,3,10,1,v2,2.14.0+cu130,7.371377944946289
57.05172185298656,56.221603847765564,0.4583333333333333,0.4444444444444444,0.4666666666666667,24.611604769572086,2.021449900477152,,d80_w96_k8x3_cv0.06,,0.06,cpu,cpu,v2a,,8,gp_bo_kb,1200,300,480,3,80,96,0,P2,3.12.10,4,10,1,v2,2.14.0+cu130,23.239266872406006
1.010286662867347,0.9256217662271798,,,,,,,d80_w96_k8x3_cv0.06,,0.06,cpu,cpu,v2a,,8,gp_bo_kb,1200,300,96,3,80,96,0,P2,3.12.10,0,12,2,v2,2.14.0+cu130,0.21262359619140625
1.938905985823657,2.0747373481947227,0.07291666666666667,0.08333333333333333,0.06666666666666667,0.2272140087104877,1.2681122452248295,,d80_w96_k8x3_cv0.06,,0.06,cpu,cpu,v2a,,8,gp_bo_kb,1200,300,192,3,80,96,0,P2,3.12.10,1,12,2,v2,2.14.0+cu130,5.942840337753296
2.8333633949111845,2.7424035795395065,0.3333333333333333,0.2222222222222222,0.4,0.6767188040756688,1.8845524959119024,,d80_w96_k8x3_cv0.06,,0.06,cpu,cpu,v2a,,8,gp_bo_kb,1200,300,288,3,80,96,0,P2,3.12.10,2,12,2,v2,2.14.0+cu130,14.34898567199707
2.8333633949111845,2.7877866929530253,0.2916666666666667,0.25,0.31666666666666665,0.9219858803913668,1.675508063373942,,d80_w96_k8x3_cv0.06,,0.06,cpu,cpu,v2a,,8,gp_bo_kb,1200,300,384,3,80,96,0,P2,3.12.10,3,12,2,v2,2.14.0+cu130,10.059614181518555
2.8985895898104173,2.8145266678994365,0.5625,0.5833333333333334,0.55,1.0878592283935054,1.5463708935412965,,d80_w96_k8x3_cv0.06,,0.06,cpu,cpu,v2a,,8,gp_bo_kb,1200,300,480,3,80,96,0,P2,3.12.10,4,12,2,v2,2.14.0+cu130,27.094153881072998
0.789444122983557,0.8516666240492311,,,,,,,d80_w96_k8x3_cv0.06,,0.06,cpu,cpu,v2a,,8,gp_bo_kb,1200,300,96,3,80,96,0,P2,3.12.10,0,11,0,v2,2.14.0+cu130,0.21196699142456055
1.7555067298974234,1.8662648775177517,0.041666666666666664,0.0,0.06666666666666667,0.18731903985465923,1.6368394322784943,,d80_w96_k8x3_cv0.06,,0.06,cpu,cpu,v2a,,8,gp_bo_kb,1200,300,192,3,80,96,0,P2,3.12.10,1,11,0,v2,2.14.0+cu130,6.2784717082977295
2.02408105983274,2.130698395073879,0.3854166666666667,0.3333333333333333,0.4166666666666667,0.4560851702193022,2.1882225603818184,,d80_w96_k8x3_cv0.06,,0.06,cpu,cpu,v2a,,8,gp_bo_kb,1200,300,288,3,80,96,0,P2,3.12.10,2,11,0,v2,2.14.0+cu130,11.02352499961853
2.02408105983274,2.130698395073879,0.25,0.25,0.25,0.7131473304821179,2.0596993236142533,,d80_w96_k8x3_cv0.06,,0.06,cpu,cpu,v2a,,8,gp_bo_kb,1200,300,384,3,80,96,0,P2,3.12.10,3,11,0,v2,2.14.0+cu130,10.714627742767334
2.250097178439153,2.2520761798617106,0.5104166666666666,0.6666666666666666,0.4166666666666667,0.9132983363894697,1.978146159499031,,d80_w96_k8x3_cv0.06,,0.06,cpu,cpu,v2a,,8,gp_bo_kb,1200,300,480,3,80,96,0,P2,3.12.10,4,11,0,v2,2.14.0+cu130,34.42476963996887
1.241296226058417,1.2171548595203106,,,,,,,d80_w96_k8x3_cv0.06,,0.06,cpu,cpu,v2a,,8,gp_bo_kb,1200,300,96,3,80,96,0,P2,3.12.10,0,11,2,v2,2.14.0+cu130,0.2061750888824463
1.570231934233859,1.4171366454617886,0.14583333333333334,0.19444444444444445,0.11666666666666667,0.23099243322389104,1.4031550138045157,,d80_w96_k8x3_cv0.06,,0.06,cpu,cpu,v2a,,8,gp_bo_kb,1200,300,192,3,80,96,0,P2,3.12.10,1,11,2,v2,2.14.0+cu130,4.817802667617798
2.25399240022721,2.0537257127784234,0.4791666666666667,0.4722222222222222,0.48333333333333334,0.565094437038849,1.9823898699262616,,d80_w96_k8x3_cv0.06,,0.06,cpu,cpu,v2a,,8,gp_bo_kb,1200,300,288,3,80,96,0,P2,3.12.10,2,11,2,v2,2.14.0+cu130,3.504209280014038
2.25399240022721,2.1854065766919484,0.5833333333333334,0.6111111111111112,0.5666666666666667,0.7576187979603185,1.8809833567440883,,d80_w96_k8x3_cv0.06,,0.06,cpu,cpu,v2a,,8,gp_bo_kb,1200,300,384,3,80,96,0,P2,3.12.10,3,11,2,v2,2.14.0+cu130,13.391493320465088
2.25399240022721,2.1854065766919484,0.375,0.3333333333333333,0.4,0.8387780382563835,1.645314120934313,,d80_w96_k8x3_cv0.06,,0.06,cpu,cpu,v2a,,8,gp_bo_kb,1200,300,480,3,80,96,0,P2,3.12.10,4,11,2,v2,2.14.0+cu130,34.21255874633789
8.0087545939234,7.755030749281466,,,,,,,d80_w96_k8x3_cv0.06,,0.06,cpu,cpu,v2a,,8,gp_bo_kb,1200,300,96,3,80,96,0,P2,3.12.10,0,14,2,v2,2.14.0+cu130,0.35048460960388184
12.528062485934939,14.0260765936096,0.0625,0.05555555555555555,0.06666666666666667,1.9759414712500398,1.5527485274262753,,d80_w96_k8x3_cv0.06,,0.06,cpu,cpu,v2a,,8,gp_bo_kb,1200,300,192,3,80,96,0,P2,3.12.10,1,14,2,v2,2.14.0+cu130,8.690017938613892
20.149870228596576,20.4770058869474,0.3333333333333333,0.3611111111111111,0.31666666666666665,4.202142175743146,2.180291168151643,,d80_w96_k8x3_cv0.06,,0.06,cpu,cpu,v2a,,8,gp_bo_kb,1200,300,288,3,80,96,0,P2,3.12.10,2,14,2,v2,2.14.0+cu130,8.788909912109375
36.05354047573361,37.101587973961706,0.4270833333333333,0.4444444444444444,0.4166666666666667,5.6494030839778295,2.248941221422963,,d80_w96_k8x3_cv0.06,,0.06,cpu,cpu,v2a,,8,gp_bo_kb,1200,300,384,3,80,96,0,P2,3.12.10,3,14,2,v2,2.14.0+cu130,10.455685377120972
43.44497638548418,41.35067033461679,0.28125,0.2777777777777778,0.2833333333333333,10.739933545458848,2.027824394895811,,d80_w96_k8x3_cv0.06,,0.06,cpu,cpu,v2a,,8,gp_bo_kb,1200,300,480,3,80,96,0,P2,3.12.10,4,14,2,v2,2.14.0+cu130,28.110886096954346
27.90908537727376,30.24724875835655,,,,,,,d80_w96_k8x3_cv0.06,,0.06,cpu,cpu,v2a,,8,gp_bo_kb,1200,300,96,3,80,96,0,P2,3.12.10,0,10,0,v2,2.14.0+cu130,0.6177759170532227
37.26368545397784,34.126670688801134,0.15625,0.1388888888888889,0.16666666666666666,6.555766280025243,1.4761953712492224,,d80_w96_k8x3_cv0.06,,0.06,cpu,cpu,v2a,,8,gp_bo_kb,1200,300,192,3,80,96,0,P2,3.12.10,1,10,0,v2,2.14.0+cu130,4.968285083770752
43.00773982136184,42.68950805173286,0.2916666666666667,0.3888888888888889,0.23333333333333334,11.718667245591305,1.3138453914755464,,d80_w96_k8x3_cv0.06,,0.06,cpu,cpu,v2a,,8,gp_bo_kb,1200,300,288,3,80,96,0,P2,3.12.10,2,10,0,v2,2.14.0+cu130,9.072651863098145
51.63811874009152,59.54847491202146,0.5729166666666666,0.8055555555555556,0.43333333333333335,17.713330951524085,1.6067607416068252,,d80_w96_k8x3_cv0.06,,0.06,cpu,cpu,v2a,,8,gp_bo_kb,1200,300,384,3,80,96,0,P2,3.12.10,3,10,0,v2,2.14.0+cu130,9.822487592697144
61.37514584610011,59.9864328689298,0.5416666666666666,0.5555555555555556,0.5333333333333333,17.358299562601683,1.1737458363699167,,d80_w96_k8x3_cv0.06,,0.06,cpu,cpu,v2a,,8,gp_bo_kb,1200,300,480,3,80,96,0,P2,3.12.10,4,10,0,v2,2.14.0+cu130,32.69600439071655
7.991990097719071,8.771891000497245,,,,,,,d80_w96_k8x3_cv0.06,,0.06,cpu,cpu,v2a,,8,gp_bo_kb,1200,300,96,3,80,96,0,P2,3.12.10,0,14,1,v2,2.14.0+cu130,1.4781224727630615
14.654891844185121,14.708327566880703,0.052083333333333336,0.027777777777777776,0.06666666666666667,2.2362739130918237,1.540679023443661,,d80_w96_k8x3_cv0.06,,0.06,cpu,cpu,v2a,,8,gp_bo_kb,1200,300,192,3,80,96,0,P2,3.12.10,1,14,1,v2,2.14.0+cu130,16.943750381469727
14.654891844185121,14.708327566880703,0.4791666666666667,0.3888888888888889,0.5333333333333333,5.668289170945669,2.2082472505670454,,d80_w96_k8x3_cv0.06,,0.06,cpu,cpu,v2a,,8,gp_bo_kb,1200,300,288,3,80,96,0,P2,3.12.10,2,14,1,v2,2.14.0+cu130,10.789040327072144
14.654891844185121,14.708327566880703,0.8125,0.8055555555555556,0.8166666666666667,3.4577678193876635,1.430093834775098,,d80_w96_k8x3_cv0.06,,0.06,cpu,cpu,v2a,,8,gp_bo_kb,1200,300,384,3,80,96,0,P2,3.12.10,3,14,1,v2,2.14.0+cu130,11.028174638748169
14.654891844185121,14.708327566880703,0.71875,0.6944444444444444,0.7333333333333333,2.7156049558884185,1.2354671374066444,,d80_w96_k8x3_cv0.06,,0.06,cpu,cpu,v2a,,8,gp_bo_kb,1200,300,480,3,80,96,0,P2,3.12.10,4,14,1,v2,2.14.0+cu130,18.261539220809937
25.175465104556245,25.662488043413436,,,,,,,d80_w96_k8x3_cv0.06,,0.06,cpu,cpu,v2a,,8,gp_bo_kb,1200,300,96,3,80,96,0,P2,3.12.10,0,14,0,v2,2.14.0+cu130,0.43776917457580566
49.01742326192572,44.44778482714721,0.052083333333333336,0.05555555555555555,0.05,4.584186431081686,1.3902485616656723,,d80_w96_k8x3_cv0.06,,0.06,cpu,cpu,v2a,,8,gp_bo_kb,1200,300,192,3,80,96,0,P2,3.12.10,1,14,0,v2,2.14.0+cu130,7.842918157577515
49.01742326192572,44.44778482714721,0.4479166666666667,0.5277777777777778,0.4,12.12947107789231,2.2289944503749397,,d80_w96_k8x3_cv0.06,,0.06,cpu,cpu,v2a,,8,gp_bo_kb,1200,300,288,3,80,96,0,P2,3.12.10,2,14,0,v2,2.14.0+cu130,7.2821362018585205
49.01742326192572,47.592302430726015,0.3229166666666667,0.3611111111111111,0.3,18.473021225250445,2.014384390909469,,d80_w96_k8x3_cv0.06,,0.06,cpu,cpu,v2a,,8,gp_bo_kb,1200,300,384,3,80,96,0,P2,3.12.10,3,14,0,v2,2.14.0+cu130,25.23224949836731
59.348525083094735,57.790850748074945,0.6041666666666666,0.5833333333333334,0.6166666666666667,22.73610860486117,1.9935371693171533,,d80_w96_k8x3_cv0.06,,0.06,cpu,cpu,v2a,,8,gp_bo_kb,1200,300,480,3,80,96,0,P2,3.12.10,4,14,0,v2,2.14.0+cu130,29.89551281929016
11.863777994540413,11.276202026903515,,,,,,,d80_w96_k8x3_cv0.06,,0.06,cpu,cpu,v2a,,8,gp_bo_kb,1200,300,96,3,80,96,0,P2,3.12.10,0,13,2,v2,2.14.0+cu130,0.3302738666534424
11.863777994540413,11.276202026903515,0.052083333333333336,0.08333333333333333,0.03333333333333333,2.7849664597584147,1.4273083576773755,,d80_w96_k8x3_cv0.06,,0.06,cpu,cpu,v2a,,8,gp_bo_kb,1200,300,192,3,80,96,0,P2,3.12.10,1,13,2,v2,2.14.0+cu130,4.768464803695679
17.37735278504944,18.78196148210496,0.4895833333333333,0.5,0.48333333333333334,5.303826300602704,2.3384583814904816,,d80_w96_k8x3_cv0.06,,0.06,cpu,cpu,v2a,,8,gp_bo_kb,1200,300,288,3,80,96,0,P2,3.12.10,2,13,2,v2,2.14.0+cu130,4.938135623931885
21.637782799029495,23.719048953420035,0.2916666666666667,0.3611111111111111,0.25,7.903653605885535,2.1148442430258405,,d80_w96_k8x3_cv0.06,,0.06,cpu,cpu,v2a,,8,gp_bo_kb,1200,300,384,3,80,96,0,P2,3.12.10,3,13,2,v2,2.14.0+cu130,30.16553020477295
28.413444335187844,27.562440686065194,0.3229166666666667,0.3611111111111111,0.3,10.354700274303614,1.9906931430151802,,d80_w96_k8x3_cv0.06,,0.06,cpu,cpu,v2a,,8,gp_bo_kb,1200,300,480,3,80,96,0,P2,3.12.10,4,13,2,v2,2.14.0+cu130,40.04294538497925
15.159680539227976,15.677328214185458,,,,,,,d80_w96_k8x3_cv0.06,,0.06,cpu,cpu,v2a,,8,gp_bo_kb,1200,300,96,3,80,96,0,P2,3.12.10,0,10,2,v2,2.14.0+cu130,0.5500831604003906
27.43761940410059,28.246899545003213,0.03125,0.027777777777777776,0.03333333333333333,4.283685201291625,1.3540358986065058,,d80_w96_k8x3_cv0.06,,0.06,cpu,cpu,v2a,,8,gp_bo_kb,1200,300,192,3,80,96,0,P2,3.12.10,1,10,2,v2,2.14.0+cu130,5.786808729171753
57.67866657165207,59.590582899528215,0.2708333333333333,0.3888888888888889,0.2,10.807475556988294,2.182448331678059,,d80_w96_k8x3_cv0.06,,0.06,cpu,cpu,v2a,,8,gp_bo_kb,1200,300,288,3,80,96,0,P2,3.12.10,2,10,2,v2,2.14.0+cu130,9.942697286605835
64.21028156592148,61.00631871917388,0.4479166666666667,0.4166666666666667,0.4666666666666667,17.932583138767573,1.7784587811974124,,d80_w96_k8x3_cv0.06,,0.06,cpu,cpu,v2a,,8,gp_bo_kb,1200,300,384,3,80,96,0,P2,3.12.10,3,10,2,v2,2.14.0+cu130,22.458547353744507
69.47693590754375,61.17380832334773,0.59375,0.6666666666666666,0.55,29.388488406703534,1.6689011171621861,,d80_w96_k8x3_cv0.06,,0.06,cpu,cpu,v2a,,8,gp_bo_kb,1200,300,480,3,80,96,0,P2,3.12.10,4,10,2,v2,2.14.0+cu130,30.217920780181885
8.0087545939234,7.755030749281466,,,,,,,d80_w96_k8x3_cv0.06,,0.06,cpu,cpu,v2a,,8,gp_kb,1200,300,96,3,80,96,0,P2,3.12.10,0,14,2,v2,2.14.0+cu130,0.33814501762390137
8.747600848525748,8.279001742226583,0.34375,0.2777777777777778,0.38333333333333336,1.800648270595967,1.414998364709534,,d80_w96_k8x3_cv0.06,,0.06,cpu,cpu,v2a,"1.22**2 * Matern(length_scale=[65.1, 5.93, 6.11, 100, 100, 100, 100, 100, 100, 0.818, 100, 0.549, 100, 100, 60.7, 100, 100, 100, 5.76, 100, 100, 100, 100, 100, 100, 100, 100, 100, 100, 100, 100, 100, ",8,gp_kb,1200,300,192,3,80,96,0,P2,3.12.10,1,14,2,v2,2.14.0+cu130,4.111688613891602
13.411413126220381,13.978102268898928,0.6145833333333334,0.6666666666666666,0.5833333333333334,3.364570959336991,2.320703352734932,,d80_w96_k8x3_cv0.06,,0.06,cpu,cpu,v2a,"0.956**2 * Matern(length_scale=[100, 100, 99.9, 100, 74.6, 86.6, 100, 0.0985, 100, 100, 100, 100, 100, 0.0136, 100, 0.0709, 97.8, 100, 86.9, 100, 100, 100, 100, 100, 69.7, 98.1, 96.8, 100, 100, 56.8, ",8,gp_kb,1200,300,288,3,80,96,0,P2,3.12.10,2,14,2,v2,2.14.0+cu130,7.765979290008545
13.752426713428063,14.262244442871376,0.46875,0.4722222222222222,0.4666666666666667,3.773432367953132,1.8430669280046728,,d80_w96_k8x3_cv0.06,,0.06,cpu,cpu,v2a,"0.748**2 * Matern(length_scale=[49.4, 100, 100, 100, 65.6, 100, 96.9, 100, 47.4, 0.0606, 85.6, 100, 100, 0.128, 100, 100, 47.8, 100, 84.5, 90.3, 97.8, 100, 100, 100, 100, 91.9, 100, 70.6, 100, 61.2, 1",8,gp_kb,1200,300,384,3,80,96,0,P2,3.12.10,3,14,2,v2,2.14.0+cu130,30.861329793930054
24.636946811484144,25.497401180548994,0.4791666666666667,0.4444444444444444,0.5,4.497786183548131,2.001093777269524,,d80_w96_k8x3_cv0.06,,0.06,cpu,cpu,v2a,"0.805**2 * Matern(length_scale=[56.8, 100, 100, 97, 0.202, 100, 98.5, 74.5, 20.1, 100, 68.2, 100, 100, 52.5, 100, 0.0827, 0.226, 100, 99, 95.3, 39.9, 100, 97.3, 100, 100, 100, 100, 100, 77.2, 100, 100",8,gp_kb,1200,300,480,3,80,96,0,P2,3.12.10,4,14,2,v2,2.14.0+cu130,42.83810234069824
12.184261352259949,13.82762140397558,,,,,,,d80_w96_k8x3_cv0.06,,0.06,cpu,cpu,v2a,,8,gp_bo_kb,1200,300,96,3,80,96,0,P2,3.12.10,0,13,0,v2,2.14.0+cu130,0.3974025249481201
16.084008045577924,18.212644688978735,0.03125,0.027777777777777776,0.03333333333333333,3.2689366908025383,1.734268333285367,,d80_w96_k8x3_cv0.06,,0.06,cpu,cpu,v2a,,8,gp_bo_kb,1200,300,192,3,80,96,0,P2,3.12.10,1,13,0,v2,2.14.0+cu130,5.0236053466796875
23.790651937657202,24.264232135179714,0.20833333333333334,0.1388888888888889,0.25,6.176146719957387,1.8459798768109454,,d80_w96_k8x3_cv0.06,,0.06,cpu,cpu,v2a,,8,gp_bo_kb,1200,300,288,3,80,96,0,P2,3.12.10,2,13,0,v2,2.14.0+cu130,6.275858402252197
29.257682655251223,28.132060823531113,0.23958333333333334,0.3055555555555556,0.2,9.522315404478137,1.9737684444410128,,d80_w96_k8x3_cv0.06,,0.06,cpu,cpu,v2a,,8,gp_bo_kb,1200,300,384,3,80,96,0,P2,3.12.10,3,13,0,v2,2.14.0+cu130,25.33378267288208
32.29390721091345,32.620306233099825,0.4791666666666667,0.5,0.4666666666666667,11.977072536565656,1.714696736606736,,d80_w96_k8x3_cv0.06,,0.06,cpu,cpu,v2a,,8,gp_bo_kb,1200,300,480,3,80,96,0,P2,3.12.10,4,13,0,v2,2.14.0+cu130,43.52602219581604
1.7283785741135198,1.839830131432524,,,,,,,d80_w96_k8x3_cv0.06,,0.06,cpu,cpu,v2a,,8,gp_kb,1200,300,96,3,80,96,0,P2,3.12.10,0,12,0,v2,2.14.0+cu130,0.18700194358825684
1.7283785741135198,1.839830131432524,0.40625,0.3611111111111111,0.43333333333333335,0.25870016485233716,1.23964247662407,,d80_w96_k8x3_cv0.06,,0.06,cpu,cpu,v2a,"2.44**2 * Matern(length_scale=[100, 2.96, 100, 100, 17.6, 100, 0.98, 100, 29.1, 4.14, 100, 100, 8.93, 100, 2.92, 100, 100, 100, 2.73, 100, 100, 100, 100, 100, 100, 100, 100, 100, 100, 100, 100, 100, 1",8,gp_kb,1200,300,192,3,80,96,0,P2,3.12.10,1,12,0,v2,2.14.0+cu130,9.123117923736572
2.466603852677687,2.455006945778773,0.3854166666666667,0.5277777777777778,0.3,0.5063745072740429,1.4012664299901987,,d80_w96_k8x3_cv0.06,,0.06,cpu,cpu,v2a,"0.701**2 * Matern(length_scale=[100, 100, 93.8, 100, 64.9, 100, 83, 0.227, 100, 100, 100, 100, 100, 100, 100, 71.3, 0.0922, 100, 100, 98.5, 62.1, 100, 99.2, 0.521, 100, 100, 74.4, 100, 0.0808, 78.8, 1",8,gp_kb,1200,300,288,3,80,96,0,P2,3.12.10,2,12,0,v2,2.14.0+cu130,9.604178667068481
2.603209693127076,2.519675111023531,0.2604166666666667,0.3055555555555556,0.23333333333333334,0.783684335070503,1.4390535074438382,,d80_w96_k8x3_cv0.06,,0.06,cpu,cpu,v2a,"0.726**2 * Matern(length_scale=[100, 67.9, 0.246, 100, 96.8, 100, 100, 61.6, 100, 1.46, 100, 0.741, 100, 100, 91.6, 100, 100, 100, 94.3, 100, 100, 100, 1.05, 0.208, 100, 51.1, 81.9, 100, 38.6, 0.206, ",8,gp_kb,1200,300,384,3,80,96,0,P2,3.12.10,3,12,0,v2,2.14.0+cu130,39.745224475860596
2.710125734106547,2.6157117344325687,0.3854166666666667,0.3888888888888889,0.38333333333333336,1.1787178734468646,1.8046236719737991,,d80_w96_k8x3_cv0.06,,0.06,cpu,cpu,v2a,"0.798**2 * Matern(length_scale=[80.8, 34.4, 0.184, 100, 100, 100, 79.6, 0.272, 100, 100, 79.4, 0.809, 100, 63.2, 0.577, 100, 0.145, 100, 100, 100, 100, 100, 50.8, 0.213, 93.1, 100, 71.1, 100, 29, 0.18",8,gp_kb,1200,300,480,3,80,96,0,P2,3.12.10,4,12,0,v2,2.14.0+cu130,44.94228219985962
7.991990097719071,8.771891000497245,,,,,,,d80_w96_k8x3_cv0.06,,0.06,cpu,cpu,v2a,,8,gp_kb,1200,300,96,3,80,96,0,P2,3.12.10,0,14,1,v2,2.14.0+cu130,0.34978771209716797
15.1317725833713,14.80447675347503,0.40625,0.3333333333333333,0.45,2.20594220716411,1.5197820202659598,,d80_w96_k8x3_cv0.06,,0.06,cpu,cpu,v2a,"1.02**2 * Matern(length_scale=[100, 100, 100, 100, 100, 100, 100, 100, 100, 100, 100, 100, 100, 100, 100, 100, 100, 100, 100, 100, 100, 100, 100, 0.824, 100, 100, 100, 100, 100, 100, 100, 100, 100, 10",8,gp_kb,1200,300,192,3,80,96,0,P2,3.12.10,1,14,1,v2,2.14.0+cu130,3.970028877258301
20.161579612221196,19.794274037254347,0.8645833333333334,0.8611111111111112,0.8666666666666667,4.577873584949539,2.621344529979096,,d80_w96_k8x3_cv0.06,,0.06,cpu,cpu,v2a,"1.02**2 * Matern(length_scale=[13.8, 1.78, 3.06, 3.32, 6.08, 3.89, 1.65, 31.2, 10.8, 2.19, 7.77, 1.19, 1.48, 6.09, 0.0245, 2.98, 2.26, 1.56, 100, 8.07, 0.785, 100, 6.14, 1.76, 0.0154, 0.0449, 1.87, 2.",8,gp_kb,1200,300,288,3,80,96,0,P2,3.12.10,2,14,1,v2,2.14.0+cu130,10.638427257537842
20.161579612221196,19.794274037254347,0.5416666666666666,0.6666666666666666,0.4666666666666667,4.501579783668937,1.8884527006583403,,d80_w96_k8x3_cv0.06,,0.06,cpu,cpu,v2a,"0.815**2 * Matern(length_scale=[100, 100, 100, 38.1, 100, 42.9, 100, 100, 33.6, 100, 100, 94.5, 100, 100, 100, 100, 100, 100, 100, 100, 100, 100, 79.4, 100, 0.0786, 100, 100, 100, 0.0412, 100, 100, 10",8,gp_kb,1200,300,384,3,80,96,0,P2,3.12.10,3,14,1,v2,2.14.0+cu130,33.66881203651428
27.694622681229152,35.696345298015494,0.3020833333333333,0.2777777777777778,0.31666666666666665,5.064438568374324,1.7774347497144756,,d80_w96_k8x3_cv0.06,,0.06,cpu,cpu,v2a,"0.753**2 * Matern(length_scale=[100, 100, 63.3, 80.2, 42.1, 100, 100, 100, 0.229, 100, 70.5, 76.1, 77.6, 0.196, 0.0795, 93.6, 95.7, 100, 100, 100, 95.9, 100, 100, 100, 75.8, 100, 100, 81.1, 25, 100, 8",8,gp_kb,1200,300,480,3,80,96,0,P2,3.12.10,4,14,1,v2,2.14.0+cu130,65.97972536087036
15.159680539227976,15.677328214185458,,,,,,,d80_w96_k8x3_cv0.06,,0.06,cpu,cpu,v2a,,8,gp_kb,1200,300,96,3,80,96,0,P2,3.12.10,0,10,2,v2,2.14.0+cu130,0.5174610614776611
42.60332057909654,50.30424348906685,0.14583333333333334,0.19444444444444445,0.11666666666666667,4.7561844269834195,1.503388823386683,,d80_w96_k8x3_cv0.06,,0.06,cpu,cpu,v2a,"1.55**2 * Matern(length_scale=[100, 100, 100, 100, 100, 100, 100, 100, 100, 100, 100, 100, 7.69, 100, 100, 100, 96.5, 100, 100, 100, 100, 4.25, 100, 100, 100, 5.58, 100, 0.517, 100, 100, 100, 100, 100",8,gp_kb,1200,300,192,3,80,96,0,P2,3.12.10,1,10,2,v2,2.14.0+cu130,6.530783176422119
51.81557311721844,51.3031933488627,0.3541666666666667,0.4444444444444444,0.3,11.01181861058997,1.5390250540462862,,d80_w96_k8x3_cv0.06,,0.06,cpu,cpu,v2a,"0.762**2 * Matern(length_scale=[100, 100, 100, 100, 73.9, 64.6, 100, 100, 100, 76.5, 63.7, 79.8, 100, 100, 100, 100, 53.9, 100, 100, 100, 100, 100, 100, 100, 99.2, 37.5, 100, 100, 100, 100, 100, 0.172",8,gp_kb,1200,300,288,3,80,96,0,P2,3.12.10,2,10,2,v2,2.14.0+cu130,7.430637836456299
51.81557311721844,51.3031933488627,0.14583333333333334,0.16666666666666666,0.13333333333333333,14.601381682961483,1.8942905663052692,,d80_w96_k8x3_cv0.06,,0.06,cpu,cpu,v2a,"0.809**2 * Matern(length_scale=[100, 100, 100, 100, 100, 100, 100, 47.4, 100, 100, 0.95, 0.155, 73.1, 100, 0.347, 100, 100, 0.196, 100, 0.166, 100, 100, 100, 100, 100, 0.176, 100, 100, 100, 0.311, 100",8,gp_kb,1200,300,384,3,80,96,0,P2,3.12.10,3,10,2,v2,2.14.0+cu130,37.95347714424133
62.25881598772904,60.98975518825101,0.3854166666666667,0.5277777777777778,0.3,19.55125071808824,1.6726003475723203,,d80_w96_k8x3_cv0.06,,0.06,cpu,cpu,v2a,"0.817**2 * Matern(length_scale=[0.438, 100, 100, 0.75, 100, 80, 93.7, 69.1, 100, 95.2, 0.269, 79.4, 10.6, 0.306, 100, 100, 63.8, 0.371, 78.2, 85.3, 100, 100, 100, 100, 100, 0.264, 100, 100, 85.7, 64.7",8,gp_kb,1200,300,480,3,80,96,0,P2,3.12.10,4,10,2,v2,2.14.0+cu130,55.291879177093506
25.175465104556245,25.662488043413436,,,,,,,d80_w96_k8x3_cv0.06,,0.06,cpu,cpu,v2a,,8,gp_kb,1200,300,96,3,80,96,0,P2,3.12.10,0,14,0,v2,2.14.0+cu130,0.39167046546936035
39.27569474193514,44.44778482714721,0.14583333333333334,0.16666666666666666,0.13333333333333333,3.6538667249223606,1.108110028946346,,d80_w96_k8x3_cv0.06,,0.06,cpu,cpu,v2a,"3.39**2 * Matern(length_scale=[100, 100, 100, 100, 100, 13.7, 100, 100, 14, 100, 100, 100, 100, 15.5, 37.9, 4.32, 100, 100, 100, 100, 100, 59.3, 100, 100, 86.4, 100, 100, 100, 8.29, 100, 100, 100, 100",8,gp_kb,1200,300,192,3,80,96,0,P2,3.12.10,1,14,0,v2,2.14.0+cu130,4.252667427062988
46.32095273677393,48.95284410451781,0.6979166666666666,0.75,0.6666666666666666,8.759360379384844,2.1884388463276174,,d80_w96_k8x3_cv0.06,,0.06,cpu,cpu,v2a,"0.903**2 * Matern(length_scale=[100, 100, 100, 100, 100, 100, 0.075, 100, 100, 100, 100, 100, 100, 100, 100, 100, 100, 100, 100, 100, 100, 100, 100, 100, 100, 100, 100, 100, 100, 100, 100, 98.4, 84.3,",8,gp_kb,1200,300,288,3,80,96,0,P2,3.12.10,2,14,0,v2,2.14.0+cu130,11.2249014377594
46.32095273677393,48.95284410451781,0.5416666666666666,0.5277777777777778,0.55,8.842153739224015,1.6825557321279854,,d80_w96_k8x3_cv0.06,,0.06,cpu,cpu,v2a,"0.769**2 * Matern(length_scale=[100, 100, 0.355, 100, 100, 100, 96.9, 82, 100, 100, 100, 100, 100, 100, 100, 100, 100, 100, 100, 100, 100, 100, 100, 100, 100, 100, 0.311, 100, 100, 0.167, 100, 100, 10",8,gp_kb,1200,300,384,3,80,96,0,P2,3.12.10,3,14,0,v2,2.14.0+cu130,28.362167835235596
56.51005868118344,52.54654873531546,0.17708333333333334,0.2222222222222222,0.15,10.852670800860325,1.5513886033212452,,d80_w96_k8x3_cv0.06,,0.06,cpu,cpu,v2a,"0.689**2 * Matern(length_scale=[54.1, 88.1, 0.345, 70.6, 100, 51.8, 100, 34.9, 100, 100, 100, 0.362, 97.1, 91.9, 99.1, 100, 100, 0.392, 0.269, 92.6, 100, 9, 93.5, 100, 52.5, 56.2, 0.129, 100, 100, 0.3",8,gp_kb,1200,300,480,3,80,96,0,P2,3.12.10,4,14,0,v2,2.14.0+cu130,71.170982837677
36.63298054771051,40.65485303123589,,,,,,,d80_w96_k8x3_cv0.06,,0.06,cpu,cpu,v2a,,8,gp_kb,1200,300,96,3,80,96,0,P2,3.12.10,0,10,1,v2,2.14.0+cu130,0.718754768371582
36.63298054771051,42.43910802932958,0.3020833333333333,0.25,0.3333333333333333,8.243060958247426,1.5059734131621496,,d80_w96_k8x3_cv0.06,,0.06,cpu,cpu,v2a,"1.07**2 * Matern(length_scale=[100, 100, 0.563, 100, 100, 100, 0.38, 100, 100, 100, 100, 100, 100, 100, 100, 100, 100, 0.677, 100, 100, 100, 0.743, 100, 2.39, 100, 0.604, 100, 100, 100, 100, 1.23, 100",8,gp_kb,1200,300,192,3,80,96,0,P2,3.12.10,1,10,1,v2,2.14.0+cu130,4.379929065704346
46.95259324697533,46.32643466001286,0.3958333333333333,0.5,0.3333333333333333,11.463183438925348,1.696609703520514,,d80_w96_k8x3_cv0.06,,0.06,cpu,cpu,v2a,"0.782**2 * Matern(length_scale=[0.189, 100, 100, 100, 100, 100, 100, 0.0676, 100, 100, 100, 100, 100, 100, 61.5, 100, 100, 100, 100, 100, 100, 85, 100, 100, 47.4, 100, 0.316, 100, 100, 100, 100, 100, ",8,gp_kb,1200,300,288,3,80,96,0,P2,3.12.10,2,10,1,v2,2.14.0+cu130,10.122222900390625
50.252302426530164,56.09902785252819,0.2604166666666667,0.2777777777777778,0.25,14.690464288914711,1.6280789307582813,,d80_w96_k8x3_cv0.06,,0.06,cpu,cpu,v2a,"0.696**2 * Matern(length_scale=[100, 100, 90.1, 100, 76.3, 100, 100, 0.127, 100, 100, 54.4, 0.389, 100, 0.208, 0.15, 100, 0.103, 100, 62.8, 100, 55, 27.7, 100, 0.195, 100, 100, 0.577, 0.21, 100, 100, ",8,gp_kb,1200,300,384,3,80,96,0,P2,3.12.10,3,10,1,v2,2.14.0+cu130,48.04275345802307
54.903525820984335,56.09902785252819,0.3958333333333333,0.4722222222222222,0.35,19.980653179710302,1.6046976217165756,,d80_w96_k8x3_cv0.06,,0.06,cpu,cpu,v2a,"0.769**2 * Matern(length_scale=[0.161, 100, 100, 100, 94.3, 100, 0.239, 95.9, 100, 100, 100, 0.524, 100, 0.429, 64.5, 100, 84.3, 0.267, 0.538, 100, 100, 100, 100, 100, 100, 100, 0.198, 100, 100, 100, ",8,gp_kb,1200,300,480,3,80,96,0,P2,3.12.10,4,10,1,v2,2.14.0+cu130,58.63500905036926
11.863777994540413,11.276202026903515,,,,,,,d80_w96_k8x3_cv0.06,,0.06,cpu,cpu,v2a,,8,gp_kb,1200,300,96,3,80,96,0,P2,3.12.10,0,13,2,v2,2.14.0+cu130,0.3011019229888916
11.863777994540413,11.276202026903515,0.2708333333333333,0.3055555555555556,0.25,2.5754526198247607,1.3199315331779073,,d80_w96_k8x3_cv0.06,,0.06,cpu,cpu,v2a,"1.94**2 * Matern(length_scale=[100, 100, 100, 5.35, 100, 100, 100, 100, 100, 2.76, 100, 100, 100, 100, 100, 100, 100, 100, 100, 2.12, 0.757, 100, 100, 100, 6.38, 100, 100, 100, 100, 100, 5.99, 100, 10",8,gp_kb,1200,300,192,3,80,96,0,P2,3.12.10,1,13,2,v2,2.14.0+cu130,10.336554050445557
17.195532854727663,17.924135182819278,0.2916666666666667,0.3055555555555556,0.2833333333333333,3.659269822345687,1.9793638845141492,,d80_w96_k8x3_cv0.06,,0.06,cpu,cpu,v2a,"0.953**2 * Matern(length_scale=[100, 100, 100, 0.0635, 100, 100, 0.101, 100, 100, 100, 100, 100, 100, 100, 100, 100, 100, 100, 100, 100, 100, 0.849, 99.9, 100, 100, 100, 100, 100, 100, 100, 100, 100, ",8,gp_kb,1200,300,288,3,80,96,0,P2,3.12.10,2,13,2,v2,2.14.0+cu130,16.199359893798828
21.33981422667715,20.35788026732718,0.4791666666666667,0.5,0.4666666666666667,5.560942050298355,1.9775789452343457,,d80_w96_k8x3_cv0.06,,0.06,cpu,cpu,v2a,"0.827**2 * Matern(length_scale=[58.7, 36.4, 47.6, 0.0401, 100, 100, 41.2, 100, 100, 0.0658, 100, 100, 100, 100, 100, 0.193, 100, 100, 100, 100, 53.8, 100, 100, 100, 19.9, 100, 100, 100, 100, 36.7, 69.",8,gp_kb,1200,300,384,3,80,96,0,P2,3.12.10,3,13,2,v2,2.14.0+cu130,38.254772901535034
24.58028855173028,26.3255241107496,0.19791666666666666,0.16666666666666666,0.21666666666666667,6.399377135392115,1.7384115385678476,,d80_w96_k8x3_cv0.06,,0.06,cpu,cpu,v2a,"0.831**2 * Matern(length_scale=[99.9, 70, 100, 52.9, 84, 100, 100, 100, 100, 100, 100, 100, 100, 100, 100, 76.5, 100, 94, 100, 100, 100, 71, 79.9, 0.204, 88.8, 70.1, 100, 100, 100, 0.258, 100, 100, 10",8,gp_kb,1200,300,480,3,80,96,0,P2,3.12.10,4,13,2,v2,2.14.0+cu130,61.36126708984375
0.7894441229835568,0.8516666240492308,,,,,,,d80_w96_k8x3_cv0.06,,0.06,cpu,cpu,v2a,,8,gp_kb,1200,300,96,3,80,96,0,P2,3.12.10,0,11,0,v2,2.14.0+cu130,0.176560640335083
0.8116139150927206,0.9042543397584448,0.23958333333333334,0.2777777777777778,0.21666666666666667,0.17855847717114914,1.560287500021939,,d80_w96_k8x3_cv0.06,,0.06,cpu,cpu,v2a,"2.01**2 * Matern(length_scale=[100, 7.02, 3.77, 100, 100, 100, 4.91, 100, 100, 100, 100, 100, 100, 100, 100, 100, 6.62, 3.37, 100, 100, 100, 100, 100, 11, 100, 100, 100, 1.32, 100, 100, 100, 100, 100,",8,gp_kb,1200,300,192,3,80,96,0,P2,3.12.10,1,11,0,v2,2.14.0+cu130,8.747703075408936
0.8398727356146425,0.9042543397584448,0.4479166666666667,0.3055555555555556,0.5333333333333333,0.25990889516362087,1.9958615720330621,,d80_w96_k8x3_cv0.06,,0.06,cpu,cpu,v2a,"0.897**2 * Matern(length_scale=[100, 71.6, 0.136, 61.3, 100, 100, 100, 100, 100, 100, 100, 52.6, 100, 100, 75.1, 81.9, 47.2, 100, 100, 0.388, 100, 43.1, 100, 100, 91.9, 0.811, 100, 100, 69, 87.9, 100,",8,gp_kb,1200,300,288,3,80,96,0,P2,3.12.10,2,11,0,v2,2.14.0+cu130,20.442721128463745
1.2318159080572184,1.2828807430356282,0.2916666666666667,0.3333333333333333,0.26666666666666666,0.29027109704395904,1.8789052452039263,,d80_w96_k8x3_cv0.06,,0.06,cpu,cpu,v2a,"0.806**2 * Matern(length_scale=[100, 100, 0.165, 86.5, 100, 100, 100, 100, 71.3, 100, 43.1, 100, 77.7, 100, 100, 100, 100, 100, 100, 100, 100, 59.7, 100, 100, 66.8, 99.9, 0.194, 100, 100, 91.7, 94.8, ",8,gp_kb,1200,300,384,3,80,96,0,P2,3.12.10,3,11,0,v2,2.14.0+cu130,37.05983877182007
1.3963386005857426,1.3894879190534206,0.3020833333333333,0.2222222222222222,0.35,0.45374218651085546,1.91288747642338,,d80_w96_k8x3_cv0.06,,0.06,cpu,cpu,v2a,"0.831**2 * Matern(length_scale=[100, 100, 20.4, 100, 40.3, 100, 46.3, 100, 100, 0.416, 100, 54.1, 76.9, 100, 65.3, 100, 100, 100, 0.104, 0.219, 100, 100, 100, 100, 85.9, 100, 0.36, 100, 100, 100, 100,",8,gp_kb,1200,300,480,3,80,96,0,P2,3.12.10,4,11,0,v2,2.14.0+cu130,83.61843490600586
0.6009115741430643,0.6833605758418011,,,,,,,d80_w96_k8x3_cv0.06,,0.06,cpu,cpu,v2a,,8,gp_lp,1200,300,96,3,80,96,0,P2,3.12.10,0,11,1,v2,2.14.0+cu130,0.18433904647827148
0.9080765117938239,0.8891105108522741,0.08333333333333333,0.1388888888888889,0.05,0.13820231946152928,1.2877227881220525,,d80_w96_k8x3_cv0.06,,0.06,cpu,cpu,v2a,"1.36**2 * Matern(length_scale=[100, 100, 100, 0.311, 9.72, 100, 100, 100, 100, 100, 82.5, 100, 100, 100, 100, 100, 100, 100, 100, 100, 100, 100, 100, 100, 100, 0.486, 100, 100, 100, 100, 100, 100, 100",8,gp_lp,1200,300,192,3,80,96,0,P2,3.12.10,1,11,1,v2,2.14.0+cu130,3.480440855026245
0.9080765117938239,0.8891105108522741,0.8541666666666666,0.8611111111111112,0.85,0.3240549084164955,2.1715761934919566,,d80_w96_k8x3_cv0.06,,0.06,cpu,cpu,v2a,"0.844**2 * Matern(length_scale=[51.1, 100, 100, 96.5, 83.9, 50.6, 0.0513, 60.6, 100, 85.1, 100, 51.9, 60.4, 0.0817, 100, 100, 100, 100, 100, 61, 100, 100, 65.4, 100, 100, 100, 47.8, 0.0993, 81.9, 0.18",8,gp_lp,1200,300,288,3,80,96,0,P2,3.12.10,2,11,1,v2,2.14.0+cu130,8.29845905303955
0.9080765117938239,0.8891105108522741,0.7708333333333334,0.6944444444444444,0.8166666666666667,0.2778291245523515,2.0844136956357793,,d80_w96_k8x3_cv0.06,,0.06,cpu,cpu,v2a,"0.843**2 * Matern(length_scale=[100, 100, 100, 41.8, 100, 57.1, 79, 100, 100, 62.7, 100, 100, 67.1, 100, 70.7, 34.1, 100, 100, 65.3, 100, 100, 100, 66, 100, 100, 68.2, 100, 0.0871, 100, 44.4, 95.1, 10",8,gp_lp,1200,300,384,3,80,96,0,P2,3.12.10,3,11,1,v2,2.14.0+cu130,18.383692979812622
0.9080765117938239,0.8891105108522741,0.90625,0.9444444444444444,0.8833333333333333,0.2660857569318814,2.0135251705233683,,d80_w96_k8x3_cv0.06,,0.06,cpu,cpu,v2a,"0.78**2 * Matern(length_scale=[100, 100, 86.8, 100, 82, 27.3, 81.9, 31.5, 84.9, 100, 100, 32.2, 100, 100, 70.1, 100, 100, 69.8, 90.5, 82.1, 0.245, 91.5, 100, 100, 57.7, 100, 0.103, 0.0867, 23.5, 100, ",8,gp_lp,1200,300,480,3,80,96,0,P2,3.12.10,4,11,1,v2,2.14.0+cu130,48.831181049346924
27.90908537727376,30.24724875835655,,,,,,,d80_w96_k8x3_cv0.06,,0.06,cpu,cpu,v2a,,8,gp_bo_lp,1200,300,96,3,80,96,0,P2,3.12.10,0,10,0,v2,2.14.0+cu130,0.6388318538665771
35.835533791036546,34.126670688801134,0.14583333333333334,0.19444444444444445,0.11666666666666667,6.5878470424774065,1.4834191603556648,,d80_w96_k8x3_cv0.06,,0.06,cpu,cpu,v2a,,8,gp_bo_lp,1200,300,192,3,80,96,0,P2,3.12.10,1,10,0,v2,2.14.0+cu130,3.289045810699463
44.374374639981745,43.34556460219137,0.23958333333333334,0.1388888888888889,0.3,12.033011497701741,1.362681013922903,,d80_w96_k8x3_cv0.06,,0.06,cpu,cpu,v2a,,8,gp_bo_lp,1200,300,288,3,80,96,0,P2,3.12.10,2,10,0,v2,2.14.0+cu130,19.594422578811646
58.182608268467256,54.969817382422235,0.6875,0.6944444444444444,0.6833333333333333,22.292077719764915,1.9895259476399338,,d80_w96_k8x3_cv0.06,,0.06,cpu,cpu,v2a,,8,gp_bo_lp,1200,300,384,3,80,96,0,P2,3.12.10,3,10,0,v2,2.14.0+cu130,14.546955108642578
58.182608268467256,58.62665381319941,0.8125,0.9166666666666666,0.75,30.007744057330626,2.28132223008506,,d80_w96_k8x3_cv0.06,,0.06,cpu,cpu,v2a,,8,gp_bo_lp,1200,300,480,3,80,96,0,P2,3.12.10,4,10,0,v2,2.14.0+cu130,0.8162052631378174
36.63298054771051,40.65485303123589,,,,,,,d80_w96_k8x3_cv0.06,,0.06,cpu,cpu,v2a,,8,gp_bo_lp,1200,300,96,3,80,96,0,P2,3.12.10,0,10,1,v2,2.14.0+cu130,0.6602761745452881
38.50477137265668,42.43910802932958,0.020833333333333332,0.0,0.03333333333333333,8.867231093673347,1.620006735735213,,d80_w96_k8x3_cv0.06,,0.06,cpu,cpu,v2a,,8,gp_bo_lp,1200,300,192,3,80,96,0,P2,3.12.10,1,10,1,v2,2.14.0+cu130,4.405153274536133
43.511608439091994,42.43910802932958,0.6979166666666666,0.7222222222222222,0.6833333333333333,16.1841546952788,2.3550500627041995,,d80_w96_k8x3_cv0.06,,0.06,cpu,cpu,v2a,,8,gp_bo_lp,1200,300,288,3,80,96,0,P2,3.12.10,2,10,1,v2,2.14.0+cu130,6.382860898971558
43.511608439091994,42.43910802932958,0.7604166666666666,0.8333333333333334,0.7166666666666667,18.661704738287593,2.394108614866309,,d80_w96_k8x3_cv0.06,,0.06,cpu,cpu,v2a,,8,gp_bo_lp,1200,300,384,3,80,96,0,P2,3.12.10,3,10,1,v2,2.14.0+cu130,6.885611534118652
43.511608439091994,42.43910802932958,0.875,0.8333333333333334,0.9,18.424299137052472,2.438805238538051,,d80_w96_k8x3_cv0.06,,0.06,cpu,cpu,v2a,,8,gp_bo_lp,1200,300,480,3,80,96,0,P2,3.12.10,4,10,1,v2,2.14.0+cu130,14.983317613601685
0.6009115741430643,0.6833605758418011,,,,,,,d80_w96_k8x3_cv0.06,,0.06,cpu,cpu,v2a,,8,gp_bo_lp,1200,300,96,3,80,96,0,P2,3.12.10,0,11,1,v2,2.14.0+cu130,0.17930936813354492
0.7742168314623097,0.744064531362107,0.052083333333333336,0.027777777777777776,0.06666666666666667,0.15441866636243773,1.4388212611849818,,d80_w96_k8x3_cv0.06,,0.06,cpu,cpu,v2a,,8,gp_bo_lp,1200,300,192,3,80,96,0,P2,3.12.10,1,11,1,v2,2.14.0+cu130,4.418463468551636
0.8299739182059935,0.7941521201904259,0.71875,0.75,0.7,0.3510749504759174,2.360999281158886,,d80_w96_k8x3_cv0.06,,0.06,cpu,cpu,v2a,,8,gp_bo_lp,1200,300,288,3,80,96,0,P2,3.12.10,2,11,1,v2,2.14.0+cu130,3.333472967147827
0.8299739182059935,0.7941521201904259,0.8541666666666666,0.8611111111111112,0.85,0.3829432073822743,2.5070935216095447,,d80_w96_k8x3_cv0.06,,0.06,cpu,cpu,v2a,,8,gp_bo_lp,1200,300,384,3,80,96,0,P2,3.12.10,3,11,1,v2,2.14.0+cu130,2.725663900375366
1.2068101414205288,1.1689165798485457,0.6770833333333334,0.6388888888888888,0.7,0.31441714592092573,2.3019728233502117,,d80_w96_k8x3_cv0.06,,0.06,cpu,cpu,v2a,,8,gp_bo_lp,1200,300,480,3,80,96,0,P2,3.12.10,4,11,1,v2,2.14.0+cu130,12.386531591415405
25.175465104556245,25.662488043413436,,,,,,,d80_w96_k8x3_cv0.06,,0.06,cpu,cpu,v2a,,8,gp_lp,1200,300,96,3,80,96,0,P2,3.12.10,0,14,0,v2,2.14.0+cu130,0.4280581474304199
41.436090038615326,44.44778482714721,0.16666666666666666,0.2222222222222222,0.13333333333333333,2.9506786243632264,0.8948538143311657,,d80_w96_k8x3_cv0.06,,0.06,cpu,cpu,v2a,"3.39**2 * Matern(length_scale=[100, 100, 100, 100, 100, 13.7, 100, 100, 14, 100, 100, 100, 100, 15.5, 37.9, 4.32, 100, 100, 100, 100, 100, 59.3, 100, 100, 86.4, 100, 100, 100, 8.29, 100, 100, 100, 100",8,gp_lp,1200,300,192,3,80,96,0,P2,3.12.10,1,14,0,v2,2.14.0+cu130,2.9502832889556885
46.07851733453786,44.44778482714721,0.8125,0.8611111111111112,0.7833333333333333,9.469551419633811,1.96683072195397,,d80_w96_k8x3_cv0.06,,0.06,cpu,cpu,v2a,"0.809**2 * Matern(length_scale=[52.2, 41.6, 30.3, 43.9, 37.8, 53.9, 38.5, 100, 61, 50.6, 0.633, 100, 100, 56.4, 86.5, 41, 42.6, 60.3, 47.6, 100, 100, 22.9, 100, 31.3, 100, 0.109, 100, 47.3, 0.255, 100",8,gp_lp,1200,300,288,3,80,96,0,P2,3.12.10,2,14,0,v2,2.14.0+cu130,6.410104751586914
46.07851733453786,44.44778482714721,0.8541666666666666,0.8055555555555556,0.8833333333333333,9.062190383185909,1.4718584020852055,,d80_w96_k8x3_cv0.06,,0.06,cpu,cpu,v2a,"0.599**2 * Matern(length_scale=[87.4, 100, 100, 100, 0.288, 100, 100, 100, 100, 100, 52.6, 100, 100, 78.7, 100, 93.3, 100, 100, 100, 100, 100, 85.8, 100, 100, 100, 100, 100, 100, 100, 100, 88.7, 100, ",8,gp_lp,1200,300,384,3,80,96,0,P2,3.12.10,3,14,0,v2,2.14.0+cu130,26.368308067321777
46.07851733453786,44.44778482714721,0.9375,0.9444444444444444,0.9333333333333333,9.077123379657138,1.5393332394762496,,d80_w96_k8x3_cv0.06,,0.06,cpu,cpu,v2a,"0.596**2 * Matern(length_scale=[100, 100, 100, 100, 66.1, 100, 100, 100, 100, 100, 100, 100, 100, 69.7, 100, 100, 100, 100, 37.5, 100, 100, 61, 66.3, 100, 100, 0.206, 100, 100, 37.1, 100, 26.5, 49.1, ",8,gp_lp,1200,300,480,3,80,96,0,P2,3.12.10,4,14,0,v2,2.14.0+cu130,33.328567028045654
0.789444122983557,0.8516666240492311,,,,,,,d80_w96_k8x3_cv0.06,,0.06,cpu,cpu,v2a,,8,gp_bo_lp,1200,300,96,3,80,96,0,P2,3.12.10,0,11,0,v2,2.14.0+cu130,0.18276166915893555
1.911106939121612,1.8662648775177517,0.041666666666666664,0.05555555555555555,0.03333333333333333,0.1886326878168411,1.6483184083948565,,d80_w96_k8x3_cv0.06,,0.06,cpu,cpu,v2a,,8,gp_bo_lp,1200,300,192,3,80,96,0,P2,3.12.10,1,11,0,v2,2.14.0+cu130,3.8521344661712646
1.911106939121612,1.8662648775177517,0.9166666666666666,0.8888888888888888,0.9333333333333333,0.5185577867232235,2.4938736952030687,,d80_w96_k8x3_cv0.06,,0.06,cpu,cpu,v2a,,8,gp_bo_lp,1200,300,288,3,80,96,0,P2,3.12.10,2,11,0,v2,2.14.0+cu130,5.352174758911133
1.911106939121612,1.8662648775177517,0.6666666666666666,0.6944444444444444,0.65,0.49661900417097554,2.117762207838509,,d80_w96_k8x3_cv0.06,,0.06,cpu,cpu,v2a,,8,gp_bo_lp,1200,300,384,3,80,96,0,P2,3.12.10,3,11,0,v2,2.14.0+cu130,7.783474683761597
1.911106939121612,1.8662648775177517,0.6770833333333334,0.8055555555555556,0.6,0.708576435504542,2.2273263736469535,,d80_w96_k8x3_cv0.06,,0.06,cpu,cpu,v2a,,8,gp_bo_lp,1200,300,480,3,80,96,0,P2,3.12.10,4,11,0,v2,2.14.0+cu130,13.777400016784668
27.90908537727376,30.24724875835655,,,,,,,d80_w96_k8x3_cv0.06,,0.06,cpu,cpu,v2a,,8,gp_kb,1200,300,96,3,80,96,0,P2,3.12.10,0,10,0,v2,2.14.0+cu130,0.5461621284484863
36.304761300878205,34.126670688801134,0.3541666666666667,0.3333333333333333,0.36666666666666664,6.314163940805436,1.4217925387495423,,d80_w96_k8x3_cv0.06,,0.06,cpu,cpu,v2a,"1.08**2 * Matern(length_scale=[100, 0.605, 100, 100, 100, 100, 100, 100, 100, 100, 100, 4.76, 100, 100, 100, 100, 100, 100, 0.946, 1.1, 100, 100, 100, 100, 100, 100, 100, 2.39, 91.6, 100, 100, 100, 1.",8,gp_kb,1200,300,192,3,80,96,0,P2,3.12.10,1,10,0,v2,2.14.0+cu130,6.599175691604614
41.46477075704457,42.63025685415219,0.4583333333333333,0.4166666666666667,0.48333333333333334,9.9849128714292,1.141443940965036,,d80_w96_k8x3_cv0.06,,0.06,cpu,cpu,v2a,"0.676**2 * Matern(length_scale=[100, 100, 100, 100, 100, 100, 100, 100, 100, 100, 1.73, 100, 1.65, 100, 100, 100, 100, 0.112, 0.271, 100, 100, 100, 100, 100, 100, 100, 100, 100, 100, 100, 100, 100, 93",8,gp_kb,1200,300,288,3,80,96,0,P2,3.12.10,2,10,0,v2,2.14.0+cu130,10.344684839248657
49.753752914623405,49.86145433458775,0.2708333333333333,0.2222222222222222,0.3,12.162192553401312,1.1535212814325198,,d80_w96_k8x3_cv0.06,,0.06,cpu,cpu,v2a,"0.719**2 * Matern(length_scale=[100, 100, 100, 100, 100, 0.729, 100, 100, 0.175, 0.687, 76.7, 100, 100, 100, 100, 100, 0.6, 100, 100, 1.07, 0.765, 100, 100, 100, 100, 100, 100, 2, 100, 83.2, 100, 100,",8,gp_kb,1200,300,384,3,80,96,0,P2,3.12.10,3,10,0,v2,2.14.0+cu130,51.76656532287598
58.19879699226536,57.63875596029421,0.40625,0.4722222222222222,0.36666666666666664,12.31108032143491,0.9430126269632898,,d80_w96_k8x3_cv0.06,,0.06,cpu,cpu,v2a,"0.705**2 * Matern(length_scale=[1.53, 100, 100, 100, 1.8, 1.22, 0.726, 0.904, 0.26, 100, 100, 100, 0.638, 100, 95.6, 100, 2.28, 0.167, 90.4, 100, 100, 100, 1.27, 100, 1.29, 1.58, 100, 100, 100, 100, 1",8,gp_kb,1200,300,480,3,80,96,0,P2,3.12.10,4,10,0,v2,2.14.0+cu130,88.44159030914307
0.789444122983557,0.8516666240492311,,,,,,,d80_w96_k8x3_cv0.06,,0.06,cpu,cpu,v2a,,8,gp_lp,1200,300,96,3,80,96,0,P2,3.12.10,0,11,0,v2,2.14.0+cu130,0.20860052108764648
1.1799488691920095,1.2280126822391162,0.08333333333333333,0.05555555555555555,0.1,0.14404045124193113,1.2586605751284834,,d80_w96_k8x3_cv0.06,,0.06,cpu,cpu,v2a,"2.01**2 * Matern(length_scale=[100, 7.02, 3.77, 100, 100, 100, 4.91, 100, 100, 100, 100, 100, 100, 100, 100, 100, 6.62, 3.37, 100, 100, 100, 100, 100, 11, 100, 100, 100, 1.32, 100, 100, 100, 100, 100,",8,gp_lp,1200,300,192,3,80,96,0,P2,3.12.10,1,11,0,v2,2.14.0+cu130,4.153559923171997
1.1799488691920095,1.2280126822391162,0.9166666666666666,0.9444444444444444,0.9,0.33787746066066965,2.1160435244192906,,d80_w96_k8x3_cv0.06,,0.06,cpu,cpu,v2a,"0.834**2 * Matern(length_scale=[100, 100, 100, 97.4, 0.115, 72.3, 36.9, 100, 68.9, 100, 100, 1.39, 68.1, 75.5, 100, 45.8, 100, 49.9, 100, 31.1, 100, 0.194, 0.199, 0.569, 79.9, 61.7, 100, 100, 87.3, 91",8,gp_lp,1200,300,288,3,80,96,0,P2,3.12.10,2,11,0,v2,2.14.0+cu130,13.53239917755127
1.1799488691920095,1.2280126822391162,0.8645833333333334,0.8888888888888888,0.85,0.3059809101818429,2.0815618283442445,,d80_w96_k8x3_cv0.06,,0.06,cpu,cpu,v2a,"0.822**2 * Matern(length_scale=[100, 100, 100, 66.8, 0.144, 100, 69.1, 100, 100, 100, 100, 15.4, 100, 100, 83.2, 63.1, 89.3, 72.3, 100, 100, 100, 100, 100, 100, 0.654, 86.9, 99.8, 100, 0.307, 100, 76.",8,gp_lp,1200,300,384,3,80,96,0,P2,3.12.10,3,11,0,v2,2.14.0+cu130,38.25959515571594
1.1799488691920095,1.2280126822391162,0.9375,0.9444444444444444,0.9333333333333333,0.3018792723784221,2.1950341671828326,,d80_w96_k8x3_cv0.06,,0.06,cpu,cpu,v2a,"0.859**2 * Matern(length_scale=[100, 100, 4.53, 100, 0.107, 82.1, 100, 85.5, 64.5, 100, 100, 23.6, 54.1, 100, 100, 51.5, 100, 11.2, 100, 29.9, 100, 100, 28.1, 0.702, 14.4, 100, 91.7, 100, 34.2, 36, 10",8,gp_lp,1200,300,480,3,80,96,0,P2,3.12.10,4,11,0,v2,2.14.0+cu130,50.82754564285278
12.288301187114408,15.442359118822713,,,,,,,d80_w96_k8x3_cv0.06,,0.06,cpu,cpu,v2a,,8,gp_kb,1200,300,96,3,80,96,0,P2,3.12.10,0,13,1,v2,2.14.0+cu130,0.317885160446167
17.613988101347548,17.49132390098345,0.20833333333333334,0.16666666666666666,0.23333333333333334,3.5700510710784923,1.5345369996913698,,d80_w96_k8x3_cv0.06,,0.06,cpu,cpu,v2a,"1.53**2 * Matern(length_scale=[100, 100, 100, 100, 100, 100, 100, 68.2, 5.47, 100, 100, 100, 100, 100, 100, 0.814, 100, 100, 0.719, 100, 100, 1.25, 100, 100, 100, 100, 100, 100, 100, 100, 100, 12.5, 1",8,gp_kb,1200,300,192,3,80,96,0,P2,3.12.10,1,13,1,v2,2.14.0+cu130,9.854339599609375
29.01965885597888,28.68560388928708,0.4270833333333333,0.4722222222222222,0.4,5.787663444806685,2.041492716896385,,d80_w96_k8x3_cv0.06,,0.06,cpu,cpu,v2a,"0.814**2 * Matern(length_scale=[23.9, 31.6, 77.2, 100, 15.6, 39.2, 10.8, 63.7, 36.7, 14.5, 18.5, 100, 20.9, 13.8, 100, 100, 100, 100, 33.1, 36.9, 100, 27.7, 100, 73.6, 100, 20.7, 21.2, 100, 29.1, 100,",8,gp_kb,1200,300,288,3,80,96,0,P2,3.12.10,2,13,1,v2,2.14.0+cu130,15.637116432189941
30.128184974306887,29.568915844856942,0.3229166666666667,0.3055555555555556,0.3333333333333333,8.297562442719384,1.7731118079643036,,d80_w96_k8x3_cv0.06,,0.06,cpu,cpu,v2a,"0.772**2 * Matern(length_scale=[41.6, 100, 73.3, 100, 100, 100, 100, 100, 100, 100, 100, 85, 70.6, 16.5, 51.9, 0.214, 100, 100, 58, 100, 0.384, 56.3, 100, 0.186, 91.3, 0.272, 0.566, 100, 0.41, 100, 10",8,gp_kb,1200,300,384,3,80,96,0,P2,3.12.10,3,13,1,v2,2.14.0+cu130,28.56537103652954
32.27173037114457,32.9144175081178,0.5416666666666666,0.5833333333333334,0.5166666666666667,11.729631738412365,1.5076005999604154,,d80_w96_k8x3_cv0.06,,0.06,cpu,cpu,v2a,"0.804**2 * Matern(length_scale=[100, 100, 0.572, 100, 100, 1, 100, 0.572, 100, 0.681, 100, 5.56, 1.16, 100, 100, 0.485, 100, 100, 86.5, 100, 100, 100, 84.7, 100, 100, 0.502, 100, 100, 0.555, 100, 100,",8,gp_kb,1200,300,480,3,80,96,0,P2,3.12.10,4,13,1,v2,2.14.0+cu130,115.48284530639648
8.0087545939234,7.755030749281466,,,,,,,d80_w96_k8x3_cv0.06,,0.06,cpu,cpu,v2a,,8,gp_lp,1200,300,96,3,80,96,0,P2,3.12.10,0,14,2,v2,2.14.0+cu130,0.0001571178436279297
12.528062485934939,14.0260765936096,0.19791666666666666,0.25,0.16666666666666666,1.4834171763325044,1.1657095463723206,,d80_w96_k8x3_cv0.06,,0.06,cpu,cpu,v2a,"1.22**2 * Matern(length_scale=[65.1, 5.93, 6.11, 100, 100, 100, 100, 100, 100, 0.818, 100, 0.549, 100, 100, 60.7, 100, 100, 100, 5.76, 100, 100, 100, 100, 100, 100, 100, 100, 100, 100, 100, 100, 100, ",8,gp_lp,1200,300,192,3,80,96,0,P2,3.12.10,1,14,2,v2,2.14.0+cu130,1.6354835033416748
13.22113093097413,14.0260765936096,0.6770833333333334,0.6944444444444444,0.6666666666666666,3.7367625187196425,2.235847190741962,,d80_w96_k8x3_cv0.06,,0.06,cpu,cpu,v2a,"0.945**2 * Matern(length_scale=[89.7, 100, 92.1, 0.564, 100, 100, 100, 100, 90.5, 0.378, 0.561, 100, 99.9, 100, 100, 100, 100, 100, 100, 100, 100, 79.9, 100, 100, 100, 89.5, 100, 100, 100, 99.3, 100, ",8,gp_lp,1200,300,288,3,80,96,0,P2,3.12.10,2,14,2,v2,2.14.0+cu130,8.607736110687256
13.22113093097413,14.0260765936096,0.9583333333333334,0.9444444444444444,0.9666666666666667,3.656565432465174,1.9529596253541268,,d80_w96_k8x3_cv0.06,,0.06,cpu,cpu,v2a,"0.761**2 * Matern(length_scale=[100, 100, 34.7, 33.1, 64.3, 100, 100, 100, 100, 37.8, 100, 100, 65.5, 25.8, 100, 0.0692, 95.5, 100, 100, 66.8, 100, 0.0958, 100, 53.7, 79.8, 100, 100, 100, 100, 100, 80",8,gp_lp,1200,300,384,3,80,96,0,P2,3.12.10,3,14,2,v2,2.14.0+cu130,21.984784603118896
13.22113093097413,14.0260765936096,0.90625,1.0,0.85,3.2284884828569584,1.9593344364776664,,d80_w96_k8x3_cv0.06,,0.06,cpu,cpu,v2a,"0.777**2 * Matern(length_scale=[100, 100, 21.3, 72.4, 100, 100, 100, 100, 100, 89, 100, 100, 98.4, 50.1, 100, 0.0453, 100, 100, 100, 100, 1.13, 100, 100, 100, 100, 100, 100, 100, 100, 100, 100, 93.8, ",8,gp_lp,1200,300,480,3,80,96,0,P2,3.12.10,4,14,2,v2,2.14.0+cu130,39.98767900466919
0.982605890628894,1.0044250125761929,,,,,,,d80_w96_k8x3_cv0.06,,0.06,cpu,cpu,v2a,,8,gp_kb,1200,300,96,3,80,96,0,P2,3.12.10,0,12,1,v2,2.14.0+cu130,0.18778491020202637
1.620373670129303,1.7354959811280475,0.17708333333333334,0.16666666666666666,0.18333333333333332,0.18563777795927602,1.1035147415926267,,d80_w96_k8x3_cv0.06,,0.06,cpu,cpu,v2a,"3.08**2 * Matern(length_scale=[100, 100, 2.93, 11.5, 15.5, 100, 100, 100, 5.96, 100, 100, 100, 100, 100, 100, 100, 9.02, 100, 100, 10.8, 1.72, 100, 100, 18.9, 100, 100, 1.63, 12.6, 18, 4.85, 100, 100,",8,gp_kb,1200,300,192,3,80,96,0,P2,3.12.10,1,12,1,v2,2.14.0+cu130,5.489588975906372
2.3786629885072736,2.1708595725056594,0.19791666666666666,0.1388888888888889,0.23333333333333334,0.4101253954657927,1.3990819060414854,,d80_w96_k8x3_cv0.06,,0.06,cpu,cpu,v2a,"0.738**2 * Matern(length_scale=[0.324, 82, 100, 100, 100, 100, 0.129, 100, 100, 100, 70.1, 100, 100, 100, 100, 100, 100, 100, 100, 100, 51.2, 100, 100, 100, 100, 98.7, 100, 100, 100, 100, 29.5, 17, 10",8,gp_kb,1200,300,288,3,80,96,0,P2,3.12.10,2,12,1,v2,2.14.0+cu130,14.410972833633423
2.3786629885072736,2.322346892820498,0.3645833333333333,0.3055555555555556,0.4,0.6664181188577135,1.6755961739537835,,d80_w96_k8x3_cv0.06,,0.06,cpu,cpu,v2a,"0.754**2 * Matern(length_scale=[100, 100, 100, 50.1, 100, 100, 0.104, 69.3, 100, 77.1, 100, 0.373, 96.7, 100, 100, 100, 100, 100, 100, 100, 63.9, 100, 72.3, 93.5, 100, 100, 0.12, 100, 100, 100, 100, 1",8,gp_kb,1200,300,384,3,80,96,0,P2,3.12.10,3,12,1,v2,2.14.0+cu130,60.92111039161682
2.6320512415649366,2.564054212991536,0.3958333333333333,0.4444444444444444,0.36666666666666664,0.7876344317311229,1.620909773804276,,d80_w96_k8x3_cv0.06,,0.06,cpu,cpu,v2a,"0.798**2 * Matern(length_scale=[100, 100, 100, 100, 100, 56.4, 100, 100, 100, 100, 100, 100, 0.763, 0.141, 96.2, 100, 100, 100, 55.6, 0.803, 100, 100, 100, 100, 100, 100, 100, 0.374, 100, 0.789, 100, ",8,gp_kb,1200,300,480,3,80,96,0,P2,3.12.10,4,12,1,v2,2.14.0+cu130,98.20021748542786
36.63298054771051,40.65485303123589,,,,,,,d80_w96_k8x3_cv0.06,,0.06,cpu,cpu,v2a,,8,gp_lp,1200,300,96,3,80,96,0,P2,3.12.10,0,10,1,v2,2.14.0+cu130,0.7340760231018066
44.64998469536758,42.43910802932958,0.03125,0.05555555555555555,0.016666666666666666,6.909487920826934,1.262335091301171,,d80_w96_k8x3_cv0.06,,0.06,cpu,cpu,v2a,"1.07**2 * Matern(length_scale=[100, 100, 0.563, 100, 100, 100, 0.38, 100, 100, 100, 100, 100, 100, 100, 100, 100, 100, 0.677, 100, 100, 100, 0.743, 100, 2.39, 100, 0.604, 100, 100, 100, 100, 1.23, 100",8,gp_lp,1200,300,192,3,80,96,0,P2,3.12.10,1,10,1,v2,2.14.0+cu130,2.0317020416259766
44.64998469536758,42.43910802932958,0.8020833333333334,0.7777777777777778,0.8166666666666667,17.495073296073176,2.08620263103044,,d80_w96_k8x3_cv0.06,,0.06,cpu,cpu,v2a,"0.842**2 * Matern(length_scale=[14.1, 100, 40.8, 56, 36.6, 100, 0.149, 100, 32.6, 100, 0.419, 100, 100, 100, 20.3, 55.9, 9.86, 100, 62, 30.6, 30.9, 22.5, 27.6, 45.9, 22.5, 67.1, 100, 0.0893, 36.6, 62.",8,gp_lp,1200,300,288,3,80,96,0,P2,3.12.10,2,10,1,v2,2.14.0+cu130,8.757176637649536
44.64998469536758,42.43910802932958,0.8333333333333334,0.8611111111111112,0.8166666666666667,15.618287011648071,2.1008452405095626,,d80_w96_k8x3_cv0.06,,0.06,cpu,cpu,v2a,"0.846**2 * Matern(length_scale=[44.7, 77.8, 66.3, 100, 57.4, 100, 0.19, 0.0932, 70.4, 100, 100, 100, 100, 100, 100, 100, 43.5, 100, 100, 96, 59.1, 49.2, 97.9, 100, 27.5, 100, 100, 99.6, 100, 100, 45.4",8,gp_lp,1200,300,384,3,80,96,0,P2,3.12.10,3,10,1,v2,2.14.0+cu130,33.97273063659668
44.64998469536758,42.43910802932958,0.7916666666666666,0.7222222222222222,0.8333333333333334,14.41110678855186,2.0003752664977283,,d80_w96_k8x3_cv0.06,,0.06,cpu,cpu,v2a,"0.807**2 * Matern(length_scale=[0.446, 26.7, 50.2, 100, 100, 78.1, 0.195, 100, 70.9, 89, 100, 100, 81.7, 52.5, 25.3, 99, 100, 67.3, 87.1, 100, 100, 37.6, 56.7, 71, 100, 100, 42.5, 0.114, 32.6, 100, 10",8,gp_lp,1200,300,480,3,80,96,0,P2,3.12.10,4,10,1,v2,2.14.0+cu130,65.74615001678467
11.863777994540413,11.276202026903515,,,,,,,d80_w96_k8x3_cv0.06,,0.06,cpu,cpu,v2a,,8,gp_bo_lp,1200,300,96,3,80,96,0,P2,3.12.10,0,13,2,v2,2.14.0+cu130,0.3088681697845459
11.863777994540413,11.276202026903515,0.052083333333333336,0.05555555555555555,0.05,2.8904006061598952,1.4813438516475497,,d80_w96_k8x3_cv0.06,,0.06,cpu,cpu,v2a,,8,gp_bo_lp,1200,300,192,3,80,96,0,P2,3.12.10,1,13,2,v2,2.14.0+cu130,2.1934731006622314
13.103161019927224,13.20287780484331,0.8229166666666666,0.8055555555555556,0.8333333333333334,5.294520497403411,2.2925142976083426,,d80_w96_k8x3_cv0.06,,0.06,cpu,cpu,v2a,,8,gp_bo_lp,1200,300,288,3,80,96,0,P2,3.12.10,2,13,2,v2,2.14.0+cu130,0.2992973327636719
13.103161019927224,13.20287780484331,0.7604166666666666,0.6666666666666666,0.8166666666666667,5.951219185791241,2.438305385733126,,d80_w96_k8x3_cv0.06,,0.06,cpu,cpu,v2a,,8,gp_bo_lp,1200,300,384,3,80,96,0,P2,3.12.10,3,13,2,v2,2.14.0+cu130,5.340235471725464
20.79996866991773,20.583110809306177,0.84375,0.8333333333333334,0.85,5.916423609729915,2.475071249035885,,d80_w96_k8x3_cv0.06,,0.06,cpu,cpu,v2a,,8,gp_bo_lp,1200,300,480,3,80,96,0,P2,3.12.10,4,13,2,v2,2.14.0+cu130,4.308459043502808
12.288301187114408,15.442359118822713,,,,,,,d80_w96_k8x3_cv0.06,,0.06,cpu,cpu,v2a,,8,gp_bo_lp,1200,300,96,3,80,96,0,P2,3.12.10,0,13,1,v2,2.14.0+cu130,0.267122745513916
18.661174220030382,17.49132390098345,0.052083333333333336,0.027777777777777776,0.06666666666666667,3.4962800193968904,1.5028275350205005,,d80_w96_k8x3_cv0.06,,0.06,cpu,cpu,v2a,,8,gp_bo_lp,1200,300,192,3,80,96,0,P2,3.12.10,1,13,1,v2,2.14.0+cu130,2.311340808868408
28.77073891346593,28.68560388928708,0.7395833333333334,0.8333333333333334,0.6833333333333333,7.835147799029436,2.373654369872283,,d80_w96_k8x3_cv0.06,,0.06,cpu,cpu,v2a,,8,gp_bo_lp,1200,300,288,3,80,96,0,P2,3.12.10,2,13,1,v2,2.14.0+cu130,5.959347248077393
28.77073891346593,28.68560388928708,0.9583333333333334,0.9166666666666666,0.9833333333333333,11.38358598308024,2.5104676459396655,,d80_w96_k8x3_cv0.06,,0.06,cpu,cpu,v2a,,8,gp_bo_lp,1200,300,384,3,80,96,0,P2,3.12.10,3,13,1,v2,2.14.0+cu130,1.2277565002441406
28.77073891346593,28.68560388928708,0.71875,0.6666666666666666,0.75,9.938364716975064,2.2490657568348342,,d80_w96_k8x3_cv0.06,,0.06,cpu,cpu,v2a,,8,gp_bo_lp,1200,300,480,3,80,96,0,P2,3.12.10,4,13,1,v2,2.14.0+cu130,8.043330192565918
1.7283785741135198,1.839830131432524,,,,,,,d80_w96_k8x3_cv0.06,,0.06,cpu,cpu,v2a,,8,gp_bo_lp,1200,300,96,3,80,96,0,P2,3.12.10,0,12,0,v2,2.14.0+cu130,0.18465304374694824
1.8234296842929036,1.839830131432524,0.40625,0.3611111111111111,0.43333333333333335,0.3053199738456916,1.4630358227908566,,d80_w96_k8x3_cv0.06,,0.06,cpu,cpu,v2a,,8,gp_bo_lp,1200,300,192,3,80,96,0,P2,3.12.10,1,12,0,v2,2.14.0+cu130,4.866082191467285
1.8301560699422577,1.9984848561797997,0.6979166666666666,0.6666666666666666,0.7166666666666667,0.8241171659680807,2.3292790812339947,,d80_w96_k8x3_cv0.06,,0.06,cpu,cpu,v2a,,8,gp_bo_lp,1200,300,288,3,80,96,0,P2,3.12.10,2,12,0,v2,2.14.0+cu130,8.463525533676147
1.8301560699422577,1.9984848561797997,0.65625,0.6388888888888888,0.6666666666666666,0.7600077060495275,2.277250725004553,,d80_w96_k8x3_cv0.06,,0.06,cpu,cpu,v2a,,8,gp_bo_lp,1200,300,384,3,80,96,0,P2,3.12.10,3,12,0,v2,2.14.0+cu130,9.256783246994019
2.781485226320014,2.4847107471821026,0.6354166666666666,0.7222222222222222,0.5833333333333334,0.8004737718514535,2.197544208182297,,d80_w96_k8x3_cv0.06,,0.06,cpu,cpu,v2a,,8,gp_bo_lp,1200,300,480,3,80,96,0,P2,3.12.10,4,12,0,v2,2.14.0+cu130,19.297311305999756
1.241296226058417,1.2171548595203106,,,,,,,d80_w96_k8x3_cv0.06,,0.06,cpu,cpu,v2a,,8,gp_bo_lp,1200,300,96,3,80,96,0,P2,3.12.10,0,11,2,v2,2.14.0+cu130,0.19917678833007812
1.441872235492113,1.4171366454617886,0.3020833333333333,0.2222222222222222,0.35,0.22766470659933832,1.3829408611907539,,d80_w96_k8x3_cv0.06,,0.06,cpu,cpu,v2a,,8,gp_bo_lp,1200,300,192,3,80,96,0,P2,3.12.10,1,11,2,v2,2.14.0+cu130,4.341761350631714
2.3914818091300467,2.2917374707170017,0.7395833333333334,0.7222222222222222,0.75,0.6170521900104694,2.2577737653454597,,d80_w96_k8x3_cv0.06,,0.06,cpu,cpu,v2a,,8,gp_bo_lp,1200,300,288,3,80,96,0,P2,3.12.10,2,11,2,v2,2.14.0+cu130,6.450040817260742
2.3914818091300467,2.2917374707170017,0.8645833333333334,0.7777777777777778,0.9166666666666666,0.8692519493130254,2.392819341934903,,d80_w96_k8x3_cv0.06,,0.06,cpu,cpu,v2a,,8,gp_bo_lp,1200,300,384,3,80,96,0,P2,3.12.10,3,11,2,v2,2.14.0+cu130,19.13457989692688
2.3914818091300467,2.2917374707170017,0.7604166666666666,0.8333333333333334,0.7166666666666667,0.894092739180197,2.2996523189179863,,d80_w96_k8x3_cv0.06,,0.06,cpu,cpu,v2a,,8,gp_bo_lp,1200,300,480,3,80,96,0,P2,3.12.10,4,11,2,v2,2.14.0+cu130,19.421370267868042
1.241296226058417,1.2171548595203106,,,,,,,d80_w96_k8x3_cv0.06,,0.06,cpu,cpu,v2a,,8,gp_lp,1200,300,96,3,80,96,0,P2,3.12.10,0,11,2,v2,2.14.0+cu130,0.19789743423461914
1.458609532044911,1.4171366454617886,0.3958333333333333,0.3333333333333333,0.43333333333333335,0.2703550734859232,1.6422619199026909,,d80_w96_k8x3_cv0.06,,0.06,cpu,cpu,v2a,"0.942**2 * Matern(length_scale=[100, 100, 100, 100, 100, 100, 100, 100, 0.951, 96.7, 100, 100, 100, 100, 100, 100, 100, 100, 100, 99.7, 100, 100, 100, 0.226, 0.264, 81.7, 100, 100, 100, 100, 100, 100,",8,gp_lp,1200,300,192,3,80,96,0,P2,3.12.10,1,11,2,v2,2.14.0+cu130,2.593083143234253
1.458609532044911,1.4171366454617886,0.59375,0.5555555555555556,0.6166666666666667,0.33993504025949095,1.3222545506992986,,d80_w96_k8x3_cv0.06,,0.06,cpu,cpu,v2a,"0.611**2 * Matern(length_scale=[100, 100, 100, 100, 100, 100, 100, 21.5, 100, 100, 100, 100, 0.581, 100, 100, 100, 100, 100, 100, 100, 100, 1.88, 100, 100, 100, 100, 100, 100, 100, 100, 100, 100, 100,",8,gp_lp,1200,300,288,3,80,96,0,P2,3.12.10,2,11,2,v2,2.14.0+cu130,15.259659051895142
1.458609532044911,1.4171366454617886,0.875,0.8333333333333334,0.9,0.4088523439415894,1.6083046187980237,,d80_w96_k8x3_cv0.06,,0.06,cpu,cpu,v2a,"0.634**2 * Matern(length_scale=[100, 63.4, 88.5, 64.3, 0.292, 0.37, 42.3, 100, 100, 0.25, 100, 100, 31.7, 0.265, 100, 0.261, 100, 100, 100, 100, 79.5, 41.2, 0.228, 100, 36.1, 59, 33.4, 69.4, 0.475, 10",8,gp_lp,1200,300,384,3,80,96,0,P2,3.12.10,3,11,2,v2,2.14.0+cu130,26.78281569480896
1.458609532044911,1.4171366454617886,0.7916666666666666,0.8055555555555556,0.7833333333333333,0.3958597267796324,1.5473749967961183,,d80_w96_k8x3_cv0.06,,0.06,cpu,cpu,v2a,"0.613**2 * Matern(length_scale=[100, 26.7, 49.4, 33.6, 100, 11.6, 100, 31.5, 100, 12.6, 19.9, 100, 100, 0.471, 100, 0.224, 100, 24.3, 46.7, 100, 24.8, 0.201, 17, 100, 14.6, 100, 0.285, 28.5, 0.293, 10",8,gp_lp,1200,300,480,3,80,96,0,P2,3.12.10,4,11,2,v2,2.14.0+cu130,73.31008720397949
0.6009115741430643,0.6833605758418011,,,,,,,d80_w96_k8x3_cv0.06,,0.06,cpu,cpu,v2a,,8,gp_kb,1200,300,96,3,80,96,0,P2,3.12.10,0,11,1,v2,2.14.0+cu130,0.26814699172973633
0.6365049494147521,0.7440645313621073,0.23958333333333334,0.19444444444444445,0.26666666666666666,0.15630575419340342,1.4564045116875086,,d80_w96_k8x3_cv0.06,,0.06,cpu,cpu,v2a,"1.36**2 * Matern(length_scale=[100, 100, 100, 0.311, 9.73, 100, 100, 100, 100, 100, 72.7, 100, 100, 100, 100, 100, 100, 100, 100, 100, 100, 100, 100, 100, 100, 0.486, 100, 100, 100, 100, 100, 100, 100",8,gp_kb,1200,300,192,3,80,96,0,P2,3.12.10,1,11,1,v2,2.14.0+cu130,9.419876098632812
0.9455406128320767,0.8761515177724548,0.375,0.4166666666666667,0.35,0.22185309368379777,1.7863692821547452,,d80_w96_k8x3_cv0.06,,0.06,cpu,cpu,v2a,"0.839**2 * Matern(length_scale=[100, 100, 100, 66.3, 88.9, 100, 0.0482, 73.8, 74.6, 38.1, 100, 44.7, 42.5, 100, 100, 100, 100, 51.1, 100, 68.3, 100, 58.2, 100, 60, 70.4, 92.1, 47.2, 0.0961, 100, 100, ",8,gp_kb,1200,300,288,3,80,96,0,P2,3.12.10,2,11,1,v2,2.14.0+cu130,25.11612558364868
1.1070119432440815,1.1544570241889118,0.4583333333333333,0.4722222222222222,0.45,0.3039742956764658,1.8057898869105695,,d80_w96_k8x3_cv0.06,,0.06,cpu,cpu,v2a,"0.78**2 * Matern(length_scale=[0.113, 100, 100, 58.3, 55.2, 100, 100, 100, 65.2, 100, 100, 0.315, 72.4, 67.8, 63.4, 100, 49.3, 99, 100, 0.334, 100, 100, 46.1, 100, 0.342, 100, 78.3, 0.0772, 100, 73.5,",8,gp_kb,1200,300,384,3,80,96,0,P2,3.12.10,3,11,1,v2,2.14.0+cu130,69.50113940238953
1.52506331184839,1.520910077784447,0.4166666666666667,0.3055555555555556,0.48333333333333334,0.38003454465923125,2.0406722599496296,,d80_w96_k8x3_cv0.06,,0.06,cpu,cpu,v2a,"0.844**2 * Matern(length_scale=[100, 100, 100, 100, 100, 0.321, 70, 100, 62.2, 100, 52.4, 70.2, 100, 0.278, 100, 83.9, 100, 100, 100, 100, 56.5, 100, 100, 100, 0.173, 60.2, 100, 0.0983, 100, 100, 100,",8,gp_kb,1200,300,480,3,80,96,0,P2,3.12.10,4,11,1,v2,2.14.0+cu130,91.46224880218506
7.991990097719071,8.771891000497245,,,,,,,d80_w96_k8x3_cv0.06,,0.06,cpu,cpu,v2a,,8,gp_bo_lp,1200,300,96,3,80,96,0,P2,3.12.10,0,14,1,v2,2.14.0+cu130,0.32185959815979004
13.448298575204443,13.758974984272243,0.07291666666666667,0.0,0.11666666666666667,2.328859747676687,1.6044659559736323,,d80_w96_k8x3_cv0.06,,0.06,cpu,cpu,v2a,,8,gp_bo_lp,1200,300,192,3,80,96,0,P2,3.12.10,1,14,1,v2,2.14.0+cu130,2.6063003540039062
13.448298575204443,13.758974984272243,0.8541666666666666,0.9166666666666666,0.8166666666666667,5.412798667023893,2.4758535558335395,,d80_w96_k8x3_cv0.06,,0.06,cpu,cpu,v2a,,8,gp_bo_lp,1200,300,288,3,80,96,0,P2,3.12.10,2,14,1,v2,2.14.0+cu130,1.0470709800720215
13.448298575204443,13.758974984272243,0.90625,0.9444444444444444,0.8833333333333333,5.298662376664524,2.5204932084650253,,d80_w96_k8x3_cv0.06,,0.06,cpu,cpu,v2a,,8,gp_bo_lp,1200,300,384,3,80,96,0,P2,3.12.10,3,14,1,v2,2.14.0+cu130,0.9336142539978027
13.448298575204443,13.758974984272243,0.7604166666666666,0.7777777777777778,0.75,4.6433285401844,2.38700016050015,,d80_w96_k8x3_cv0.06,,0.06,cpu,cpu,v2a,,8,gp_bo_lp,1200,300,480,3,80,96,0,P2,3.12.10,4,14,1,v2,2.14.0+cu130,15.062916994094849
0.982605890628894,1.0044250125761929,,,,,,,d80_w96_k8x3_cv0.06,,0.06,cpu,cpu,v2a,,8,gp_bo_lp,1200,300,96,3,80,96,0,P2,3.12.10,0,12,1,v2,2.14.0+cu130,0.1835191249847412
2.477341657546388,2.4704563105008077,0.09375,0.05555555555555555,0.11666666666666667,0.19744474215691557,1.173700665970637,,d80_w96_k8x3_cv0.06,,0.06,cpu,cpu,v2a,,8,gp_bo_lp,1200,300,192,3,80,96,0,P2,3.12.10,1,12,1,v2,2.14.0+cu130,4.184396982192993
2.477341657546388,2.4704563105008077,0.6979166666666666,0.6944444444444444,0.7,0.8694593061453798,2.304904349638549,,d80_w96_k8x3_cv0.06,,0.06,cpu,cpu,v2a,,8,gp_bo_lp,1200,300,288,3,80,96,0,P2,3.12.10,2,12,1,v2,2.14.0+cu130,5.160308837890625
2.6229751009724707,2.4704563105008077,0.7708333333333334,0.75,0.7833333333333333,0.9587714574781468,2.36103117630422,,d80_w96_k8x3_cv0.06,,0.06,cpu,cpu,v2a,,8,gp_bo_lp,1200,300,384,3,80,96,0,P2,3.12.10,3,12,1,v2,2.14.0+cu130,9.57313084602356
2.6229751009724707,2.4704563105008077,0.6770833333333334,0.5277777777777778,0.7666666666666667,1.0271568427317195,2.2862117838270573,,d80_w96_k8x3_cv0.06,,0.06,cpu,cpu,v2a,,8,gp_bo_lp,1200,300,480,3,80,96,0,P2,3.12.10,4,12,1,v2,2.14.0+cu130,21.228659629821777
27.90908537727376,30.24724875835655,,,,,,,d80_w96_k8x3_cv0.06,,0.06,cpu,cpu,v2a,,8,gp_lp,1200,300,96,3,80,96,0,P2,3.12.10,0,10,0,v2,2.14.0+cu130,0.6202311515808105
37.26368545397784,34.126670688801134,0.16666666666666666,0.19444444444444445,0.15,5.2959595144319005,1.1925182484537182,,d80_w96_k8x3_cv0.06,,0.06,cpu,cpu,v2a,"1.08**2 * Matern(length_scale=[100, 0.605, 100, 100, 100, 100, 100, 100, 100, 100, 100, 4.76, 100, 100, 100, 100, 100, 100, 0.946, 1.1, 100, 100, 100, 100, 100, 100, 100, 2.39, 91.6, 100, 100, 100, 1.",8,gp_lp,1200,300,192,3,80,96,0,P2,3.12.10,1,10,0,v2,2.14.0+cu130,3.5887398719787598
41.40369581851409,42.68950805173286,0.3645833333333333,0.3333333333333333,0.38333333333333336,11.805932033898245,1.2798156597595813,,d80_w96_k8x3_cv0.06,,0.06,cpu,cpu,v2a,"0.745**2 * Matern(length_scale=[100, 99.8, 100, 100, 100, 0.294, 100, 100, 100, 100, 100, 100, 69.4, 100, 100, 100, 100, 100, 100, 100, 100, 100, 100, 100, 100, 100, 100, 100, 100, 0.671, 100, 100, 10",8,gp_lp,1200,300,288,3,80,96,0,P2,3.12.10,2,10,0,v2,2.14.0+cu130,13.36067008972168
49.446659212011646,49.86868295183593,0.6666666666666666,0.6944444444444444,0.65,17.930146739154022,1.6229487328005467,,d80_w96_k8x3_cv0.06,,0.06,cpu,cpu,v2a,"0.741**2 * Matern(length_scale=[100, 100, 100, 100, 100, 47.8, 1.92, 100, 0.143, 1.83, 49.3, 100, 100, 85.8, 63.3, 100, 100, 0.211, 0.531, 73.1, 100, 100, 100, 100, 100, 100, 100, 100, 82.8, 66.6, 1.9",8,gp_lp,1200,300,384,3,80,96,0,P2,3.12.10,3,10,0,v2,2.14.0+cu130,62.27572298049927
61.85412936904531,58.1390787040835,0.5208333333333334,0.5833333333333334,0.48333333333333334,16.82351232104916,1.2711178928610192,,d80_w96_k8x3_cv0.06,,0.06,cpu,cpu,v2a,"0.7**2 * Matern(length_scale=[100, 100, 100, 100, 100, 100, 0.451, 100, 0.151, 1.11, 100, 54.7, 100, 100, 0.88, 100, 100, 0.271, 0.461, 100, 100, 100, 100, 100, 100, 65.3, 100, 100, 100, 100, 1.24, 10",8,gp_lp,1200,300,480,3,80,96,0,P2,3.12.10,4,10,0,v2,2.14.0+cu130,52.20040225982666
15.159680539227976,15.677328214185458,,,,,,,d80_w96_k8x3_cv0.06,,0.06,cpu,cpu,v2a,,8,gp_bo_lp,1200,300,96,3,80,96,0,P2,3.12.10,0,10,2,v2,2.14.0+cu130,0.559898853302002
48.33036718788655,50.30424348906685,0.03125,0.0,0.05,4.320243118108824,1.3655915404015264,,d80_w96_k8x3_cv0.06,,0.06,cpu,cpu,v2a,,8,gp_bo_lp,1200,300,192,3,80,96,0,P2,3.12.10,1,10,2,v2,2.14.0+cu130,4.786463499069214
48.33036718788655,50.30424348906685,0.8125,0.7777777777777778,0.8333333333333334,14.3701471094628,2.443992777721523,,d80_w96_k8x3_cv0.06,,0.06,cpu,cpu,v2a,,8,gp_bo_lp,1200,300,288,3,80,96,0,P2,3.12.10,2,10,2,v2,2.14.0+cu130,10.603683710098267
48.33036718788655,50.30424348906685,0.4791666666666667,0.4444444444444444,0.5,15.306811546957228,1.8311892561078675,,d80_w96_k8x3_cv0.06,,0.06,cpu,cpu,v2a,,8,gp_bo_lp,1200,300,384,3,80,96,0,P2,3.12.10,3,10,2,v2,2.14.0+cu130,20.326748371124268
52.64694299791199,50.30424348906685,0.8020833333333334,0.7777777777777778,0.8166666666666667,21.91721956421019,2.2875419183184666,,d80_w96_k8x3_cv0.06,,0.06,cpu,cpu,v2a,,8,gp_bo_lp,1200,300,480,3,80,96,0,P2,3.12.10,4,10,2,v2,2.14.0+cu130,28.37927746772766
8.0087545939234,7.755030749281466,,,,,,,d80_w96_k8x3_cv0.06,,0.06,cpu,cpu,v2a,,8,gp_bo_lp,1200,300,96,3,80,96,0,P2,3.12.10,0,14,2,v2,2.14.0+cu130,0.3058609962463379
12.356608574352297,14.0260765936096,0.041666666666666664,0.05555555555555555,0.03333333333333333,1.9559368268748187,1.5370283340160626,,d80_w96_k8x3_cv0.06,,0.06,cpu,cpu,v2a,,8,gp_bo_lp,1200,300,192,3,80,96,0,P2,3.12.10,1,14,2,v2,2.14.0+cu130,4.068890571594238
12.380790678285543,14.0260765936096,0.65625,0.6666666666666666,0.65,4.4411560477294785,2.36134570474256,,d80_w96_k8x3_cv0.06,,0.06,cpu,cpu,v2a,,8,gp_bo_lp,1200,300,288,3,80,96,0,P2,3.12.10,2,14,2,v2,2.14.0+cu130,5.7227537631988525
17.371276166829155,16.35628827294037,0.6354166666666666,0.6388888888888888,0.6333333333333333,4.640059135227255,2.317908684171606,,d80_w96_k8x3_cv0.06,,0.06,cpu,cpu,v2a,,8,gp_bo_lp,1200,300,384,3,80,96,0,P2,3.12.10,3,14,2,v2,2.14.0+cu130,7.335627555847168
17.371276166829155,16.35628827294037,0.84375,0.8333333333333334,0.85,5.581323976126563,2.4668915608697928,,d80_w96_k8x3_cv0.06,,0.06,cpu,cpu,v2a,,8,gp_bo_lp,1200,300,480,3,80,96,0,P2,3.12.10,4,14,2,v2,2.14.0+cu130,4.3690245151519775
25.175465104556245,25.662488043413436,,,,,,,d80_w96_k8x3_cv0.06,,0.06,cpu,cpu,v2a,,8,gp_bo_lp,1200,300,96,3,80,96,0,P2,3.12.10,0,14,0,v2,2.14.0+cu130,0.00017571449279785156
43.87305258461325,44.44778482714721,0.08333333333333333,0.16666666666666666,0.03333333333333333,4.528750563241773,1.3734364976958084,,d80_w96_k8x3_cv0.06,,0.06,cpu,cpu,v2a,,8,gp_bo_lp,1200,300,192,3,80,96,0,P2,3.12.10,1,14,0,v2,2.14.0+cu130,4.23943018913269
43.87305258461325,44.44778482714721,0.78125,0.8055555555555556,0.7666666666666667,12.110675420363373,2.3950984010800243,,d80_w96_k8x3_cv0.06,,0.06,cpu,cpu,v2a,,8,gp_bo_lp,1200,300,288,3,80,96,0,P2,3.12.10,2,14,0,v2,2.14.0+cu130,12.627659559249878
50.48571400924426,52.41932476951186,0.7916666666666666,0.7777777777777778,0.8,17.291751376919933,2.457869430294488,,d80_w96_k8x3_cv0.06,,0.06,cpu,cpu,v2a,,8,gp_bo_lp,1200,300,384,3,80,96,0,P2,3.12.10,3,14,0,v2,2.14.0+cu130,1.890897512435913
50.48571400924426,52.41932476951186,0.7708333333333334,0.8333333333333334,0.7333333333333333,20.1101981260164,2.319990773282529,,d80_w96_k8x3_cv0.06,,0.06,cpu,cpu,v2a,,8,gp_bo_lp,1200,300,480,3,80,96,0,P2,3.12.10,4,14,0,v2,2.14.0+cu130,12.880654335021973
1.010286662867347,0.9256217662271798,,,,,,,d80_w96_k8x3_cv0.06,,0.06,cpu,cpu,v2a,,8,gp_lp,1200,300,96,3,80,96,0,P2,3.12.10,0,12,2,v2,2.14.0+cu130,0.2067875862121582
2.0412824483604695,2.0747373481947227,0.010416666666666666,0.027777777777777776,0.0,0.18481568650981714,1.031481450034003,,d80_w96_k8x3_cv0.06,,0.06,cpu,cpu,v2a,"2.09**2 * Matern(length_scale=[100, 100, 100, 100, 100, 100, 100, 100, 100, 3.78, 100, 2.5, 9.26, 100, 100, 100, 100, 8.65, 100, 100, 100, 100, 6.69, 4.81, 100, 100, 100, 1.8, 5.87, 100, 100, 100, 100",8,gp_lp,1200,300,192,3,80,96,0,P2,3.12.10,1,12,2,v2,2.14.0+cu130,4.0596771240234375
2.0412824483604695,2.0747373481947227,0.7916666666666666,0.8055555555555556,0.7833333333333333,0.6400855622240637,2.2225961057081607,,d80_w96_k8x3_cv0.06,,0.06,cpu,cpu,v2a,"0.905**2 * Matern(length_scale=[98, 100, 100, 0.18, 59.5, 100, 100, 100, 100, 73.2, 100, 100, 80.2, 100, 100, 100, 100, 100, 0.157, 100, 69.3, 100, 100, 0.578, 100, 100, 100, 100, 23.6, 100, 100, 84.5",8,gp_lp,1200,300,288,3,80,96,0,P2,3.12.10,2,12,2,v2,2.14.0+cu130,11.66899299621582
2.0412824483604695,2.0747373481947227,0.90625,1.0,0.85,0.5830869022322013,2.2441961264127652,,d80_w96_k8x3_cv0.06,,0.06,cpu,cpu,v2a,"0.895**2 * Matern(length_scale=[100, 100, 88.7, 100, 100, 100, 100, 95.4, 44.3, 49.7, 98.4, 100, 100, 100, 100, 100, 0.407, 0.0697, 100, 100, 100, 100, 100, 100, 100, 100, 79, 61.4, 95.4, 100, 99.9, 1",8,gp_lp,1200,300,384,3,80,96,0,P2,3.12.10,3,12,2,v2,2.14.0+cu130,29.134632349014282
2.0412824483604695,2.0747373481947227,0.8958333333333334,0.9166666666666666,0.8833333333333333,0.5845403592991641,2.268704879879027,,d80_w96_k8x3_cv0.06,,0.06,cpu,cpu,v2a,"0.9**2 * Matern(length_scale=[39.6, 100, 100, 0.0904, 43.1, 100, 82.4, 100, 100, 100, 100, 80.9, 100, 100, 100, 100, 100, 44.3, 100, 0.676, 0.158, 39.5, 100, 80.8, 100, 37.1, 20.6, 76.5, 100, 7.17, 10",8,gp_lp,1200,300,480,3,80,96,0,P2,3.12.10,4,12,2,v2,2.14.0+cu130,71.57994794845581
1.010286662867347,0.9256217662271798,,,,,,,d80_w96_k8x3_cv0.06,,0.06,cpu,cpu,v2a,,8,gp_kb,1200,300,96,3,80,96,0,P2,3.12.10,0,12,2,v2,2.14.0+cu130,0.2138364315032959
2.083495068197577,2.0747373481947227,0.23958333333333334,0.3055555555555556,0.2,0.23779729806064095,1.3271790206224126,,d80_w96_k8x3_cv0.06,,0.06,cpu,cpu,v2a,"2.09**2 * Matern(length_scale=[100, 100, 100, 100, 100, 100, 100, 100, 100, 3.78, 100, 2.5, 9.26, 100, 100, 100, 100, 8.65, 100, 100, 100, 100, 6.69, 4.81, 100, 100, 100, 1.8, 5.87, 100, 100, 100, 100",8,gp_kb,1200,300,192,3,80,96,0,P2,3.12.10,1,12,2,v2,2.14.0+cu130,6.757754564285278
2.8333633949111845,2.7424035795395065,0.5416666666666666,0.5555555555555556,0.5333333333333333,0.5728782380087543,2.293156760849306,,d80_w96_k8x3_cv0.06,,0.06,cpu,cpu,v2a,"0.952**2 * Matern(length_scale=[100, 9.14, 100, 0.12, 78, 65.8, 100, 100, 100, 95.3, 100, 100, 62.3, 100, 100, 55.4, 100, 41.2, 100, 57, 86.4, 100, 68.4, 100, 61.3, 5.82, 83.1, 46.9, 100, 100, 100, 87",8,gp_kb,1200,300,288,3,80,96,0,P2,3.12.10,2,12,2,v2,2.14.0+cu130,9.238783836364746
2.8333633949111845,2.7877866929530253,0.4895833333333333,0.4444444444444444,0.5166666666666667,0.6574656021926139,1.5938560156119772,,d80_w96_k8x3_cv0.06,,0.06,cpu,cpu,v2a,"0.718**2 * Matern(length_scale=[100, 1.52, 100, 99.9, 100, 99.9, 0.289, 100, 100, 100, 100, 100, 100, 100, 100, 100, 100, 100, 100, 100, 100, 100, 100, 100, 100, 100, 0.128, 100, 100, 100, 13.4, 0.167",8,gp_kb,1200,300,384,3,80,96,0,P2,3.12.10,3,12,2,v2,2.14.0+cu130,67.74181699752808
2.918233987474306,2.835730074028175,0.1875,0.1111111111111111,0.23333333333333334,0.7371039032937885,1.1554367538993822,,d80_w96_k8x3_cv0.06,,0.06,cpu,cpu,v2a,"0.666**2 * Matern(length_scale=[100, 38.5, 100, 1.12, 1.1, 0.449, 0.356, 1.05, 46.1, 100, 0.109, 74, 76.2, 100, 100, 59.2, 100, 69.4, 100, 1.07, 100, 100, 100, 100, 100, 0.83, 100, 100, 100, 0.584, 10",8,gp_kb,1200,300,480,3,80,96,0,P2,3.12.10,4,12,2,v2,2.14.0+cu130,123.68587970733643
1.7283785741135198,1.839830131432524,,,,,,,d80_w96_k8x3_cv0.06,,0.06,cpu,cpu,v2a,,8,gp_lp,1200,300,96,3,80,96,0,P2,3.12.10,0,12,0,v2,2.14.0+cu130,0.24155330657958984
1.7751001446556058,1.839830131432524,0.34375,0.3611111111111111,0.3333333333333333,0.19422225209069147,0.930676459887977,,d80_w96_k8x3_cv0.06,,0.06,cpu,cpu,v2a,"2.44**2 * Matern(length_scale=[100, 2.96, 100, 100, 17.6, 100, 0.98, 100, 29.1, 4.14, 100, 100, 8.93, 100, 2.92, 100, 100, 100, 2.73, 100, 100, 100, 100, 100, 100, 100, 100, 100, 100, 100, 100, 100, 1",8,gp_lp,1200,300,192,3,80,96,0,P2,3.12.10,1,12,0,v2,2.14.0+cu130,7.56730842590332
2.1936850413902005,2.362061146976981,0.6666666666666666,0.6111111111111112,0.7,0.5313589138310634,1.4968294752233506,,d80_w96_k8x3_cv0.06,,0.06,cpu,cpu,v2a,"0.646**2 * Matern(length_scale=[100, 100, 83.7, 100, 100, 100, 55.3, 30.9, 100, 100, 100, 100, 100, 100, 100, 80.3, 0.11, 100, 100, 100, 85.4, 89.8, 100, 100, 0.329, 97.4, 87.3, 0.176, 100, 100, 100, ",8,gp_lp,1200,300,288,3,80,96,0,P2,3.12.10,2,12,0,v2,2.14.0+cu130,9.840050458908081
2.1936850413902005,2.362061146976981,0.71875,0.6666666666666666,0.75,0.6284710112179249,1.5117828339493251,,d80_w96_k8x3_cv0.06,,0.06,cpu,cpu,v2a,"0.615**2 * Matern(length_scale=[100, 100, 100, 100, 100, 100, 100, 100, 100, 0.228, 100, 100, 100, 100, 100, 100, 0.21, 100, 100, 0.285, 100, 100, 100, 100, 0.619, 0.337, 100, 100, 100, 100, 100, 100,",8,gp_lp,1200,300,384,3,80,96,0,P2,3.12.10,3,12,0,v2,2.14.0+cu130,49.873902797698975
2.1936850413902005,2.362061146976981,0.6458333333333334,0.6111111111111112,0.6666666666666666,0.6223806878041253,1.5296608218955479,,d80_w96_k8x3_cv0.06,,0.06,cpu,cpu,v2a,"0.647**2 * Matern(length_scale=[92.5, 100, 100, 100, 100, 100, 100, 100, 100, 0.283, 100, 43.9, 100, 100, 100, 100, 100, 100, 100, 0.71, 0.333, 100, 100, 96.7, 0.342, 100, 100, 0.234, 100, 0.138, 100,",8,gp_lp,1200,300,480,3,80,96,0,P2,3.12.10,4,12,0,v2,2.14.0+cu130,62.764132499694824
7.991990097719071,8.771891000497245,,,,,,,d80_w96_k8x3_cv0.06,,0.06,cpu,cpu,v2a,,8,gp_lp,1200,300,96,3,80,96,0,P2,3.12.10,0,14,1,v2,2.14.0+cu130,0.34298086166381836
14.673896909784407,15.343241060096751,0.17708333333333334,0.08333333333333333,0.23333333333333334,1.9364598288495962,1.3341223633579857,,d80_w96_k8x3_cv0.06,,0.06,cpu,cpu,v2a,"1.02**2 * Matern(length_scale=[100, 100, 100, 100, 100, 100, 100, 100, 100, 100, 100, 100, 100, 100, 100, 100, 100, 100, 100, 100, 100, 100, 100, 0.824, 100, 100, 100, 100, 100, 100, 100, 100, 100, 10",8,gp_lp,1200,300,192,3,80,96,0,P2,3.12.10,1,14,1,v2,2.14.0+cu130,3.742732286453247
22.998131276678485,22.49165251038325,0.96875,0.9722222222222222,0.9666666666666667,5.674256502538653,2.6610187465843564,,d80_w96_k8x3_cv0.06,,0.06,cpu,cpu,v2a,"1.04**2 * Matern(length_scale=[7.61, 0.01, 0.162, 0.0386, 0.0234, 0.0556, 0.241, 0.386, 1.43, 0.475, 5.51, 0.0657, 32.5, 0.0129, 4.81, 0.467, 1.72, 0.0364, 0.062, 16, 74.7, 0.179, 5.88, 32, 37.9, 0.02",8,gp_lp,1200,300,288,3,80,96,0,P2,3.12.10,2,14,1,v2,2.14.0+cu130,3.7698683738708496
22.998131276678485,22.49165251038325,0.875,0.8888888888888888,0.8666666666666667,5.701224416991377,2.508307748047272,,d80_w96_k8x3_cv0.06,,0.06,cpu,cpu,v2a,"0.985**2 * Matern(length_scale=[36.7, 59.8, 9.01, 44.1, 16.6, 10.3, 100, 100, 24.7, 100, 11.8, 16.4, 19, 52.3, 0.0438, 9.35, 100, 20.5, 0.133, 10.1, 26.9, 16.9, 19.2, 23, 6.07, 15.1, 43, 100, 14.6, 11",8,gp_lp,1200,300,384,3,80,96,0,P2,3.12.10,3,14,1,v2,2.14.0+cu130,37.291369915008545
22.998131276678485,22.49165251038325,0.8645833333333334,0.8611111111111112,0.8666666666666667,5.564776932685653,2.1978355604480946,,d80_w96_k8x3_cv0.06,,0.06,cpu,cpu,v2a,"0.871**2 * Matern(length_scale=[100, 100, 78, 100, 22.1, 100, 56, 100, 72.6, 100, 100, 41.4, 69.2, 0.0929, 10.8, 100, 100, 93.8, 100, 100, 100, 63.8, 100, 100, 0.193, 77.3, 100, 100, 74, 100, 0.121, 1",8,gp_lp,1200,300,480,3,80,96,0,P2,3.12.10,4,14,1,v2,2.14.0+cu130,70.72482204437256
12.184261352259949,13.82762140397558,,,,,,,d80_w96_k8x3_cv0.06,,0.06,cpu,cpu,v2a,,8,gp_bo_lp,1200,300,96,3,80,96,0,P2,3.12.10,0,13,0,v2,2.14.0+cu130,0.0001952648162841797
18.119168703524178,18.212644688978735,0.07291666666666667,0.05555555555555555,0.08333333333333333,3.3358419115589513,1.7697635467643493,,d80_w96_k8x3_cv0.06,,0.06,cpu,cpu,v2a,,8,gp_bo_lp,1200,300,192,3,80,96,0,P2,3.12.10,1,13,0,v2,2.14.0+cu130,3.2469589710235596
22.017547828910526,21.069272739547788,0.71875,0.6388888888888888,0.7666666666666667,7.846431329663134,2.3332473161621046,,d80_w96_k8x3_cv0.06,,0.06,cpu,cpu,v2a,,8,gp_bo_lp,1200,300,288,3,80,96,0,P2,3.12.10,2,13,0,v2,2.14.0+cu130,7.262358665466309
27.54779625091909,25.47511383683628,0.7291666666666666,0.6666666666666666,0.7666666666666667,9.401387931166637,2.2216899935742473,,d80_w96_k8x3_cv0.06,,0.06,cpu,cpu,v2a,,8,gp_bo_lp,1200,300,384,3,80,96,0,P2,3.12.10,3,13,0,v2,2.14.0+cu130,23.530179262161255
27.54779625091909,25.47511383683628,0.71875,0.7777777777777778,0.6833333333333333,11.604699969310483,2.3218122804682575,,d80_w96_k8x3_cv0.06,,0.06,cpu,cpu,v2a,,8,gp_bo_lp,1200,300,480,3,80,96,0,P2,3.12.10,4,13,0,v2,2.14.0+cu130,16.235881805419922
1.010286662867347,0.9256217662271798,,,,,,,d80_w96_k8x3_cv0.06,,0.06,cpu,cpu,v2a,,8,gp_bo_lp,1200,300,96,3,80,96,0,P2,3.12.10,0,12,2,v2,2.14.0+cu130,0.18418073654174805
1.9068251372344394,2.0747373481947227,0.08333333333333333,0.08333333333333333,0.08333333333333333,0.2321550819263418,1.295689045991374,,d80_w96_k8x3_cv0.06,,0.06,cpu,cpu,v2a,,8,gp_bo_lp,1200,300,192,3,80,96,0,P2,3.12.10,1,12,2,v2,2.14.0+cu130,3.235884666442871
2.4123166498651774,2.7424035795395065,0.75,0.75,0.75,0.7113243092903647,2.401046943432093,,d80_w96_k8x3_cv0.06,,0.06,cpu,cpu,v2a,,8,gp_bo_lp,1200,300,288,3,80,96,0,P2,3.12.10,2,12,2,v2,2.14.0+cu130,3.0273468494415283
2.822548840789617,2.7424035795395065,0.5,0.5277777777777778,0.48333333333333334,0.8496278296708498,2.1476119105736857,,d80_w96_k8x3_cv0.06,,0.06,cpu,cpu,v2a,,8,gp_bo_lp,1200,300,384,3,80,96,0,P2,3.12.10,3,12,2,v2,2.14.0+cu130,16.72813391685486
2.9646287976254757,2.844221649113831,0.6875,0.75,0.65,1.1012625947868735,2.121362321372837,,d80_w96_k8x3_cv0.06,,0.06,cpu,cpu,v2a,,8,gp_bo_lp,1200,300,480,3,80,96,0,P2,3.12.10,4,12,2,v2,2.14.0+cu130,30.363385677337646
11.863777994540413,11.276202026903515,,,,,,,d80_w96_k8x3_cv0.06,,0.06,cpu,cpu,v2a,,8,gp_lp,1200,300,96,3,80,96,0,P2,3.12.10,0,13,2,v2,2.14.0+cu130,0.347994327545166
11.863777994540413,11.276202026903515,0.010416666666666666,0.0,0.016666666666666666,1.9891604061675903,1.0194540270083574,,d80_w96_k8x3_cv0.06,,0.06,cpu,cpu,v2a,"1.94**2 * Matern(length_scale=[100, 100, 100, 5.35, 100, 100, 100, 100, 100, 2.76, 100, 100, 100, 100, 100, 100, 100, 100, 100, 2.12, 0.757, 100, 100, 100, 6.38, 100, 100, 100, 100, 100, 5.99, 100, 10",8,gp_lp,1200,300,192,3,80,96,0,P2,3.12.10,1,13,2,v2,2.14.0+cu130,8.008371829986572
11.863777994540413,11.276202026903515,0.65625,0.6111111111111112,0.6833333333333333,3.9695689798496194,2.040357639165386,,d80_w96_k8x3_cv0.06,,0.06,cpu,cpu,v2a,"0.864**2 * Matern(length_scale=[100, 0.185, 100, 100, 100, 100, 100, 57.4, 100, 100, 100, 100, 100, 100, 63.7, 0.0578, 100, 100, 73.1, 100, 100, 68.1, 100, 93.4, 100, 100, 100, 100, 100, 48.2, 0.0594,",8,gp_lp,1200,300,288,3,80,96,0,P2,3.12.10,2,13,2,v2,2.14.0+cu130,8.231567859649658
11.863777994540413,11.276202026903515,0.8229166666666666,0.7777777777777778,0.85,3.7360874689148815,2.011258250385814,,d80_w96_k8x3_cv0.06,,0.06,cpu,cpu,v2a,"0.804**2 * Matern(length_scale=[0.354, 100, 38.7, 100, 100, 100, 100, 91.7, 77.9, 0.204, 0.0436, 100, 50, 75.6, 100, 100, 0.279, 20.3, 88.2, 100, 26.8, 48.5, 100, 78.7, 70.5, 100, 72.8, 29.2, 37.2, 47",8,gp_lp,1200,300,384,3,80,96,0,P2,3.12.10,3,13,2,v2,2.14.0+cu130,58.70730495452881
13.116014649001064,12.88911728457929,0.875,0.8611111111111112,0.8833333333333333,3.3964232154102247,1.9567718998521735,,d80_w96_k8x3_cv0.06,,0.06,cpu,cpu,v2a,"0.781**2 * Matern(length_scale=[22.6, 59.8, 69, 100, 100, 100, 100, 76.6, 80.7, 0.251, 0.0734, 0.12, 28.8, 29.3, 100, 39.1, 0.24, 50.4, 65.3, 100, 28.8, 26, 100, 65.3, 23.8, 77.8, 100, 100, 0.355, 44.",8,gp_lp,1200,300,480,3,80,96,0,P2,3.12.10,4,13,2,v2,2.14.0+cu130,46.60247826576233
15.159680539221787,15.677328214185502,,,,,,,d80_w96_k8x3_cv0.06,,0.06,cpu,cpu,v2a,,8,gp_lp,1200,300,96,3,80,96,0,P2,3.12.10,0,10,2,v2,2.14.0+cu130,0.6713278293609619
51.3986769005281,50.30424348795593,0.020833333333333332,0.0,0.03333333333333333,3.913765105733616,1.2371073509974078,,d80_w96_k8x3_cv0.06,,0.06,cpu,cpu,v2a,"1.59**2 * Matern(length_scale=[100, 100, 100, 100, 100, 100, 100, 100, 100, 100, 100, 100, 9.32, 100, 100, 100, 9.65, 100, 100, 100, 100, 3.9, 100, 100, 100, 6.17, 100, 0.538, 100, 100, 100, 100, 100,",8,gp_lp,1200,300,192,3,80,96,0,P2,3.12.10,1,10,2,v2,2.14.0+cu130,4.733628749847412
51.3986769005281,50.30424348795593,0.8645833333333334,0.8611111111111112,0.8666666666666667,14.361170377570422,1.8947550744751753,,d80_w96_k8x3_cv0.06,,0.06,cpu,cpu,v2a,"0.75**2 * Matern(length_scale=[36.8, 82.4, 100, 100, 46.1, 52.2, 70.5, 77.2, 99.5, 100, 45.3, 43, 65, 59.2, 0.179, 77.3, 28.6, 100, 100, 0.0827, 66.7, 99.9, 44.7, 25, 61.1, 24.7, 48.1, 62.9, 100, 100,",8,gp_lp,1200,300,288,3,80,96,0,P2,3.12.10,2,10,2,v2,2.14.0+cu130,15.33971381187439
51.3986769005281,50.30424348795593,0.9270833333333334,0.9166666666666666,0.9333333333333333,12.794464290498361,1.9112558541644251,,d80_w96_k8x3_cv0.06,,0.06,cpu,cpu,v2a,"0.747**2 * Matern(length_scale=[100, 100, 100, 71.7, 100, 100, 100, 100, 100, 100, 100, 100, 100, 100, 100, 100, 100, 100, 100, 100, 30.2, 100, 100, 0.147, 100, 0.213, 100, 100, 100, 0.141, 100, 100, ",8,gp_lp,1200,300,384,3,80,96,0,P2,3.12.10,3,10,2,v2,2.14.0+cu130,48.060914039611816
51.3986769005281,50.30424348795593,0.875,0.8888888888888888,0.8666666666666667,11.670781323581608,1.95343018843242,,d80_w96_k8x3_cv0.06,,0.06,cpu,cpu,v2a,"0.763**2 * Matern(length_scale=[44.4, 100, 100, 100, 76.1, 56.5, 100, 100, 100, 35.7, 25.8, 17.6, 60.7, 100, 0.153, 100, 0.138, 0.445, 100, 20.6, 0.742, 86.3, 100, 0.226, 100, 0.171, 100, 100, 100, 10",8,gp_lp,1200,300,480,3,80,96,0,P2,3.12.10,4,10,2,v2,2.14.0+cu130,66.56348896026611
12.184261352259949,13.82762140397558,,,,,,,d80_w96_k8x3_cv0.06,,0.06,cpu,cpu,v2a,,8,gp_kb,1200,300,96,3,80,96,0,P2,3.12.10,0,13,0,v2,2.14.0+cu130,0.4024021625518799
15.370105955586626,16.20694892657886,0.3125,0.3055555555555556,0.31666666666666665,2.8606655601172277,1.5176683314149375,,d80_w96_k8x3_cv0.06,,0.06,cpu,cpu,v2a,"1.61**2 * Matern(length_scale=[4.21, 100, 100, 100, 100, 100, 100, 100, 100, 100, 100, 1.62, 100, 100, 100, 100, 9.53, 100, 2.44, 100, 100, 100, 100, 100, 100, 0.493, 100, 100, 3.43, 100, 100, 100, 10",8,gp_kb,1200,300,192,3,80,96,0,P2,3.12.10,1,13,0,v2,2.14.0+cu130,7.739879608154297
22.534689178761635,22.460044508712496,0.125,0.1388888888888889,0.11666666666666667,4.581671024679312,1.3749934871752678,,d80_w96_k8x3_cv0.06,,0.06,cpu,cpu,v2a,"0.707**2 * Matern(length_scale=[100, 100, 100, 100, 100, 100, 0.524, 100, 100, 100, 100, 100, 100, 100, 100, 0.524, 0.171, 100, 100, 100, 100, 100, 100, 100, 100, 100, 100, 100, 100, 100, 100, 0.144, ",8,gp_kb,1200,300,288,3,80,96,0,P2,3.12.10,2,13,0,v2,2.14.0+cu130,17.073789596557617
30.192939139376648,28.132060823531113,0.28125,0.2777777777777778,0.2833333333333333,6.178663310426253,1.2301663220264607,,d80_w96_k8x3_cv0.06,,0.06,cpu,cpu,v2a,"0.676**2 * Matern(length_scale=[95.6, 100, 0.566, 100, 100, 94.3, 0.331, 0.179, 100, 0.506, 100, 100, 100, 100, 100, 100, 100, 100, 100, 100, 0.675, 100, 100, 100, 100, 100, 100, 100, 100, 100, 93.2, ",8,gp_kb,1200,300,384,3,80,96,0,P2,3.12.10,3,13,0,v2,2.14.0+cu130,61.09423828125
30.192939139376648,29.606600917638033,0.4270833333333333,0.5555555555555556,0.35,9.99918235780512,1.4747512708772073,,d80_w96_k8x3_cv0.06,,0.06,cpu,cpu,v2a,"0.783**2 * Matern(length_scale=[7.78, 100, 100, 100, 100, 100, 100, 0.553, 100, 39.9, 0.303, 0.637, 95.6, 100, 100, 49, 100, 100, 100, 100, 60.7, 100, 100, 100, 100, 0.553, 100, 1.04, 3.17, 100, 100, ",8,gp_kb,1200,300,480,3,80,96,0,P2,3.12.10,4,13,0,v2,2.14.0+cu130,130.45577812194824
0.6365259290763978,0.6245036724071522,,,,,,,d120_w96_k8x3_cv0.06,,0.06,cpu,cpu,v2a,,8,gp_bo_kb,1200,300,96,3,120,96,0,P2,3.12.10,0,11,1,v2,2.14.0+cu130,0.2312626838684082
0.6365259290763978,0.6245036724071522,0.13541666666666666,0.2222222222222222,0.08333333333333333,0.10445294991642622,1.4893924465962345,,d120_w96_k8x3_cv0.06,,0.06,cpu,cpu,v2a,,8,gp_bo_kb,1200,300,192,3,120,96,0,P2,3.12.10,1,11,1,v2,2.14.0+cu130,3.0338449478149414
0.6365259290763978,0.6245036724071522,0.6145833333333334,0.5833333333333334,0.6333333333333333,0.10522185500866144,1.7438350874920343,,d120_w96_k8x3_cv0.06,,0.06,cpu,cpu,v2a,,8,gp_bo_kb,1200,300,288,3,120,96,0,P2,3.12.10,2,11,1,v2,2.14.0+cu130,1.9497418403625488
0.6365259290763978,0.6245036724071522,0.3958333333333333,0.3611111111111111,0.4166666666666667,0.10505077865660262,1.5911583480848688,,d120_w96_k8x3_cv0.06,,0.06,cpu,cpu,v2a,,8,gp_bo_kb,1200,300,384,3,120,96,0,P2,3.12.10,3,11,1,v2,2.14.0+cu130,3.770310163497925
0.6365259290763978,0.6245036724071522,0.4583333333333333,0.2777777777777778,0.5666666666666667,0.09917367491163075,1.4601741007092333,,d120_w96_k8x3_cv0.06,,0.06,cpu,cpu,v2a,,8,gp_bo_kb,1200,300,480,3,120,96,0,P2,3.12.10,4,11,1,v2,2.14.0+cu130,4.9890666007995605
12.184261352259949,13.82762140397558,,,,,,,d80_w96_k8x3_cv0.06,,0.06,cpu,cpu,v2a,,8,gp_lp,1200,300,96,3,80,96,0,P2,3.12.10,0,13,0,v2,2.14.0+cu130,0.39697957038879395
17.513014247178955,18.212644688978735,0.14583333333333334,0.16666666666666666,0.13333333333333333,2.5330912029234915,1.3438803727567552,,d80_w96_k8x3_cv0.06,,0.06,cpu,cpu,v2a,"1.61**2 * Matern(length_scale=[4.21, 100, 100, 100, 100, 100, 100, 100, 100, 100, 100, 1.62, 100, 100, 100, 100, 9.53, 100, 2.44, 100, 100, 100, 100, 100, 100, 0.493, 100, 100, 3.43, 100, 100, 100, 10",8,gp_lp,1200,300,192,3,80,96,0,P2,3.12.10,1,13,0,v2,2.14.0+cu130,8.158262491226196
18.889158380178962,19.49924560922998,0.6354166666666666,0.6388888888888888,0.6333333333333333,5.898137877028067,1.5547570059660871,,d80_w96_k8x3_cv0.06,,0.06,cpu,cpu,v2a,"0.689**2 * Matern(length_scale=[100, 100, 100, 100, 100, 100, 100, 100, 0.0788, 100, 100, 100, 100, 0.208, 100, 100, 100, 100, 100, 91.8, 100, 100, 100, 100, 100, 100, 100, 100, 100, 100, 100, 0.102, ",8,gp_lp,1200,300,288,3,80,96,0,P2,3.12.10,2,13,0,v2,2.14.0+cu130,10.09546422958374
18.889158380178962,19.49924560922998,0.7708333333333334,0.7222222222222222,0.8,6.285408547421156,1.6835860880013835,,d80_w96_k8x3_cv0.06,,0.06,cpu,cpu,v2a,"0.693**2 * Matern(length_scale=[35.7, 0.249, 86.2, 100, 100, 0.323, 100, 100, 0.115, 99.4, 11.7, 0.799, 100, 0.0904, 100, 80.7, 60.5, 100, 100, 100, 100, 92.2, 37.7, 100, 81.8, 63.5, 100, 100, 72.3, 7",8,gp_lp,1200,300,384,3,80,96,0,P2,3.12.10,3,13,0,v2,2.14.0+cu130,69.02062821388245
19.89208639808263,20.30831106405589,0.75,0.8055555555555556,0.7166666666666667,6.647841767855478,1.6860656985422255,,d80_w96_k8x3_cv0.06,,0.06,cpu,cpu,v2a,"0.679**2 * Matern(length_scale=[78.8, 0.229, 100, 100, 100, 0.605, 100, 68.4, 0.201, 100, 100, 100, 97.1, 100, 100, 100, 100, 100, 100, 100, 100, 32.8, 100, 100, 100, 40.9, 100, 100, 100, 100, 100, 0.",8,gp_lp,1200,300,480,3,80,96,0,P2,3.12.10,4,13,0,v2,2.14.0+cu130,53.90139389038086
0.9826058906288936,1.0044250125761924,,,,,,,d80_w96_k8x3_cv0.06,,0.06,cpu,cpu,v2a,,8,gp_lp,1200,300,96,3,80,96,0,P2,3.12.10,0,12,1,v2,2.14.0+cu130,0.23732495307922363
2.381926652863747,2.470456310500805,0.020833333333333332,0.027777777777777776,0.016666666666666666,0.13564653532207924,0.8063442313273101,,d80_w96_k8x3_cv0.06,,0.06,cpu,cpu,v2a,"3.08**2 * Matern(length_scale=[100, 100, 2.93, 11.5, 15.5, 100, 100, 100, 5.96, 100, 100, 100, 100, 100, 100, 100, 9.02, 100, 100, 10.8, 1.72, 100, 100, 18.9, 100, 100, 1.63, 12.6, 18, 4.85, 100, 100,",8,gp_lp,1200,300,192,3,80,96,0,P2,3.12.10,1,12,1,v2,2.14.0+cu130,2.617321729660034
2.381926652863747,2.470456310500805,0.71875,0.8055555555555556,0.6666666666666666,0.6972079983942795,1.8270534122218791,,d80_w96_k8x3_cv0.06,,0.06,cpu,cpu,v2a,"0.813**2 * Matern(length_scale=[100, 100, 0.524, 100, 100, 100, 0.156, 100, 100, 100, 100, 100, 100, 100, 100, 100, 100, 100, 100, 100, 96.8, 13.4, 100, 100, 100, 100, 0.147, 100, 100, 100, 24.4, 0.28",8,gp_lp,1200,300,288,3,80,96,0,P2,3.12.10,2,12,1,v2,2.14.0+cu130,13.770767211914062
2.381926652863747,2.470456310500805,0.6666666666666666,0.6111111111111112,0.7,0.7258171497663004,1.5853499915114324,,d80_w96_k8x3_cv0.06,,0.06,cpu,cpu,v2a,"0.7**2 * Matern(length_scale=[0.255, 100, 100, 100, 72, 0.345, 0.125, 65.7, 100, 100, 100, 100, 100, 100, 100, 100, 100, 100, 100, 100, 1.03, 58, 100, 100, 100, 100, 100, 0.309, 32.3, 100, 100, 100, 1",8,gp_lp,1200,300,384,3,80,96,0,P2,3.12.10,3,12,1,v2,2.14.0+cu130,39.582972049713135
2.8727393936874446,2.921308971810716,0.8229166666666666,0.75,0.8666666666666667,0.8012070333507243,1.7697761583105998,,d80_w96_k8x3_cv0.06,,0.06,cpu,cpu,v2a,"0.697**2 * Matern(length_scale=[100, 100, 53.9, 60, 17, 100, 0.134, 100, 100, 0.535, 0.186, 78.8, 100, 58.5, 100, 51.5, 55.5, 81.6, 88.4, 0.173, 12.8, 39.8, 55, 82.5, 39.4, 96.6, 0.179, 0.164, 59.5, 0",8,gp_lp,1200,300,480,3,80,96,0,P2,3.12.10,4,12,1,v2,2.14.0+cu130,89.84914946556091
0.5925264545102537,0.5522428470437529,,,,,,,d120_w96_k8x3_cv0.06,,0.06,cpu,cpu,v2a,,8,gp_bo_kb,1200,300,96,3,120,96,0,P2,3.12.10,0,11,2,v2,2.14.0+cu130,0.19517993927001953
0.8236096716082592,0.8623032431065181,0.11458333333333333,0.1388888888888889,0.1,0.10508347460410732,1.2728233735880423,,d120_w96_k8x3_cv0.06,,0.06,cpu,cpu,v2a,,8,gp_bo_kb,1200,300,192,3,120,96,0,P2,3.12.10,1,11,2,v2,2.14.0+cu130,6.766909122467041
0.8385232303008864,0.9077690238233773,0.2916666666666667,0.3611111111111111,0.25,0.18280143817878317,1.7069341754159582,,d120_w96_k8x3_cv0.06,,0.06,cpu,cpu,v2a,,8,gp_bo_kb,1200,300,288,3,120,96,0,P2,3.12.10,2,11,2,v2,2.14.0+cu130,2.1578056812286377
0.8385232303008864,0.9077690238233773,0.5833333333333334,0.5277777777777778,0.6166666666666667,0.304841103376206,2.3980406978734288,,d120_w96_k8x3_cv0.06,,0.06,cpu,cpu,v2a,,8,gp_bo_kb,1200,300,384,3,120,96,0,P2,3.12.10,3,11,2,v2,2.14.0+cu130,1.7507774829864502
1.3836707971379885,1.281275428308804,0.5520833333333334,0.6111111111111112,0.5166666666666667,0.3152683838970842,2.416973978308304,,d120_w96_k8x3_cv0.06,,0.06,cpu,cpu,v2a,,8,gp_bo_kb,1200,300,480,3,120,96,0,P2,3.12.10,4,11,2,v2,2.14.0+cu130,5.689291000366211
19.85340405869757,20.313584140615923,,,,,,,d120_w96_k8x3_cv0.06,,0.06,cpu,cpu,v2a,,8,gp_bo_kb,1200,300,96,3,120,96,0,P2,3.12.10,0,10,0,v2,2.14.0+cu130,0.34444737434387207
27.977264769496852,32.50158602903067,0.052083333333333336,0.05555555555555555,0.05,3.96181945757559,1.3465695021067672,,d120_w96_k8x3_cv0.06,,0.06,cpu,cpu,v2a,,8,gp_bo_kb,1200,300,192,3,120,96,0,P2,3.12.10,1,10,0,v2,2.14.0+cu130,3.947338104248047
28.74843214708646,32.50158602903067,0.625,0.75,0.55,8.939936624318058,2.4700044219507866,,d120_w96_k8x3_cv0.06,,0.06,cpu,cpu,v2a,,8,gp_bo_kb,1200,300,288,3,120,96,0,P2,3.12.10,2,10,0,v2,2.14.0+cu130,1.5022995471954346
31.98856100370726,32.50158602903067,0.15625,0.08333333333333333,0.2,10.165518606705836,1.9590135760811893,,d120_w96_k8x3_cv0.06,,0.06,cpu,cpu,v2a,,8,gp_bo_kb,1200,300,384,3,120,96,0,P2,3.12.10,3,10,0,v2,2.14.0+cu130,6.8929901123046875
38.653782287472204,38.77513311402162,0.34375,0.3055555555555556,0.36666666666666664,12.36179352026546,2.1747809230725093,,d120_w96_k8x3_cv0.06,,0.06,cpu,cpu,v2a,,8,gp_bo_kb,1200,300,480,3,120,96,0,P2,3.12.10,4,10,0,v2,2.14.0+cu130,18.315166473388672
0.6744078097484494,0.6497177820663854,,,,,,,d120_w96_k8x3_cv0.06,,0.06,cpu,cpu,v2a,,8,gp_bo_kb,1200,300,96,3,120,96,0,P2,3.12.10,0,11,0,v2,2.14.0+cu130,0.20540738105773926
0.6744078097484494,0.6497177820663854,0.07291666666666667,0.05555555555555555,0.08333333333333333,0.12850075413448228,1.4580708389200923,,d120_w96_k8x3_cv0.06,,0.06,cpu,cpu,v2a,,8,gp_bo_kb,1200,300,192,3,120,96,0,P2,3.12.10,1,11,0,v2,2.14.0+cu130,5.884756803512573
0.6744078097484494,0.6497177820663854,0.4479166666666667,0.4166666666666667,0.4666666666666667,0.23855405505326366,2.2141134633024833,,d120_w96_k8x3_cv0.06,,0.06,cpu,cpu,v2a,,8,gp_bo_kb,1200,300,288,3,120,96,0,P2,3.12.10,2,11,0,v2,2.14.0+cu130,2.42813777923584
0.6744078097484494,0.6497177820663854,0.59375,0.6666666666666666,0.55,0.23667818884251776,2.370498923325945,,d120_w96_k8x3_cv0.06,,0.06,cpu,cpu,v2a,,8,gp_bo_kb,1200,300,384,3,120,96,0,P2,3.12.10,3,11,0,v2,2.14.0+cu130,2.2897071838378906
0.6846265954248298,0.7612174203705635,0.78125,0.75,0.8,0.2480591869646834,2.5316772923744986,,d120_w96_k8x3_cv0.06,,0.06,cpu,cpu,v2a,,8,gp_bo_kb,1200,300,480,3,120,96,0,P2,3.12.10,4,11,0,v2,2.14.0+cu130,26.40207290649414
0.6336439165530722,0.6783048606990572,,,,,,,d120_w96_k8x3_cv0.06,,0.06,cpu,cpu,v2a,,8,gp_bo_kb,1200,300,96,3,120,96,0,P2,3.12.10,0,12,1,v2,2.14.0+cu130,0.2052297592163086
1.4002413080185487,1.436139077310481,0.020833333333333332,0.0,0.03333333333333333,0.155015868268023,1.4509472932270584,,d120_w96_k8x3_cv0.06,,0.06,cpu,cpu,v2a,,8,gp_bo_kb,1200,300,192,3,120,96,0,P2,3.12.10,1,12,1,v2,2.14.0+cu130,3.266099452972412
1.770660125274376,1.8926426710861515,0.625,0.6666666666666666,0.6,0.4151350204276599,2.443781542945435,,d120_w96_k8x3_cv0.06,,0.06,cpu,cpu,v2a,,8,gp_bo_kb,1200,300,288,3,120,96,0,P2,3.12.10,2,12,1,v2,2.14.0+cu130,3.174560070037842
1.8772693324046865,1.8926426710861515,0.5416666666666666,0.5555555555555556,0.5333333333333333,0.5159411025064171,2.5036834580076217,,d120_w96_k8x3_cv0.06,,0.06,cpu,cpu,v2a,,8,gp_bo_kb,1200,300,384,3,120,96,0,P2,3.12.10,3,12,1,v2,2.14.0+cu130,2.5299010276794434
2.4031060241584354,2.371035826872463,0.2708333333333333,0.2222222222222222,0.3,0.5809553864446168,1.7891716913203066,,d120_w96_k8x3_cv0.06,,0.06,cpu,cpu,v2a,,8,gp_bo_kb,1200,300,480,3,120,96,0,P2,3.12.10,4,12,1,v2,2.14.0+cu130,19.627175092697144
15.13468007818145,16.749749217128766,,,,,,,d120_w96_k8x3_cv0.06,,0.06,cpu,cpu,v2a,,8,gp_bo_kb,1200,300,96,3,120,96,0,P2,3.12.10,0,10,1,v2,2.14.0+cu130,0.37735581398010254
15.13468007818145,16.749749217128766,0.052083333333333336,0.08333333333333333,0.03333333333333333,3.845972520046151,1.596172759923747,,d120_w96_k8x3_cv0.06,,0.06,cpu,cpu,v2a,,8,gp_bo_kb,1200,300,192,3,120,96,0,P2,3.12.10,1,10,1,v2,2.14.0+cu130,4.5796058177948
28.628285860070992,27.325485535927402,0.28125,0.25,0.3,4.564058469938308,1.9041393782531577,,d120_w96_k8x3_cv0.06,,0.06,cpu,cpu,v2a,,8,gp_bo_kb,1200,300,288,3,120,96,0,P2,3.12.10,2,10,1,v2,2.14.0+cu130,1.8086540699005127
42.02223446040788,40.610482329985246,0.1875,0.19444444444444445,0.18333333333333332,7.275178993923691,1.8181511373910095,,d120_w96_k8x3_cv0.06,,0.06,cpu,cpu,v2a,,8,gp_bo_kb,1200,300,384,3,120,96,0,P2,3.12.10,3,10,1,v2,2.14.0+cu130,14.995203018188477
42.601053038619376,43.341503483397155,0.2916666666666667,0.3611111111111111,0.25,13.555508379580312,2.189403121030452,,d120_w96_k8x3_cv0.06,,0.06,cpu,cpu,v2a,,8,gp_bo_kb,1200,300,480,3,120,96,0,P2,3.12.10,4,10,1,v2,2.14.0+cu130,45.553839683532715
8.331891678689887,9.808317567903892,,,,,,,d120_w96_k8x3_cv0.06,,0.06,cpu,cpu,v2a,,8,gp_bo_kb,1200,300,96,3,120,96,0,P2,3.12.10,0,14,0,v2,2.14.0+cu130,0.3099963665008545
23.8974294175095,25.499648900190692,0.07291666666666667,0.05555555555555555,0.08333333333333333,2.0776669057710273,1.4641565085088935,,d120_w96_k8x3_cv0.06,,0.06,cpu,cpu,v2a,,8,gp_bo_kb,1200,300,192,3,120,96,0,P2,3.12.10,1,14,0,v2,2.14.0+cu130,4.23772120475769
43.14295015510529,45.17529917604879,0.3645833333333333,0.4166666666666667,0.3333333333333333,7.640270373994618,2.3310257305011537,,d120_w96_k8x3_cv0.06,,0.06,cpu,cpu,v2a,,8,gp_bo_kb,1200,300,288,3,120,96,0,P2,3.12.10,2,14,0,v2,2.14.0+cu130,4.004638433456421
54.69193758103453,54.15290148887211,0.6354166666666666,0.6388888888888888,0.6333333333333333,11.66630504177894,2.430065061375426,,d120_w96_k8x3_cv0.06,,0.06,cpu,cpu,v2a,,8,gp_bo_kb,1200,300,384,3,120,96,0,P2,3.12.10,3,14,0,v2,2.14.0+cu130,7.823910713195801
54.69193758103453,54.15290148887211,0.34375,0.3611111111111111,0.3333333333333333,14.616946448418723,2.0497844171690343,,d120_w96_k8x3_cv0.06,,0.06,cpu,cpu,v2a,,8,gp_bo_kb,1200,300,480,3,120,96,0,P2,3.12.10,4,14,0,v2,2.14.0+cu130,21.62404704093933
12.871997329223403,13.444472235990638,,,,,,,d120_w96_k8x3_cv0.06,,0.06,cpu,cpu,v2a,,8,gp_bo_kb,1200,300,96,3,120,96,0,P2,3.12.10,0,13,2,v2,2.14.0+cu130,0.46521830558776855
27.904090475509527,23.994119340498067,0.03125,0.05555555555555555,0.016666666666666666,2.844786363210892,1.310238490405495,,d120_w96_k8x3_cv0.06,,0.06,cpu,cpu,v2a,,8,gp_bo_kb,1200,300,192,3,120,96,0,P2,3.12.10,1,13,2,v2,2.14.0+cu130,8.261442184448242
27.904090475509527,23.994119340498067,0.4895833333333333,0.5,0.48333333333333334,8.273197086839584,2.4369750374386068,,d120_w96_k8x3_cv0.06,,0.06,cpu,cpu,v2a,,8,gp_bo_kb,1200,300,288,3,120,96,0,P2,3.12.10,2,13,2,v2,2.14.0+cu130,8.063147783279419
30.847639043702294,26.72295961323341,0.5416666666666666,0.5555555555555556,0.5333333333333333,8.70850524144281,2.406648137389142,,d120_w96_k8x3_cv0.06,,0.06,cpu,cpu,v2a,,8,gp_bo_kb,1200,300,384,3,120,96,0,P2,3.12.10,3,13,2,v2,2.14.0+cu130,25.221410751342773
30.847639043702294,26.72295961323341,0.7291666666666666,0.7777777777777778,0.7,9.976442517237322,2.5120289393038524,,d120_w96_k8x3_cv0.06,,0.06,cpu,cpu,v2a,,8,gp_bo_kb,1200,300,480,3,120,96,0,P2,3.12.10,4,13,2,v2,2.14.0+cu130,4.768493413925171
1.241296226058417,1.2171548595203106,,,,,,,d80_w96_k8x3_cv0.06,,0.06,cpu,cpu,v2a,,8,gp_kb,1200,300,96,3,80,96,0,P2,3.12.10,0,11,2,v2,2.14.0+cu130,0.2708868980407715
1.5816351868473308,1.601383700473951,0.21875,0.19444444444444445,0.23333333333333334,0.23278665980780047,1.4140539769955462,,d80_w96_k8x3_cv0.06,,0.06,cpu,cpu,v2a,"2.83**2 * Matern(length_scale=[100, 100, 100, 100, 100, 100, 100, 23.8, 1.19, 2.04, 100, 100, 100, 100, 100, 100, 100, 100, 100, 100, 100, 100, 100, 100, 0.858, 4.8, 100, 100, 5.82, 100, 100, 100, 100",8,gp_kb,1200,300,192,3,80,96,0,P2,3.12.10,1,11,2,v2,2.14.0+cu130,13.805586099624634
1.6186007418674884,1.7525976685844737,0.3854166666666667,0.3333333333333333,0.4166666666666667,0.4461878797578421,1.6742008794512908,,d80_w96_k8x3_cv0.06,,0.06,cpu,cpu,v2a,"0.752**2 * Matern(length_scale=[100, 0.308, 100, 100, 100, 100, 100, 100, 100, 100, 100, 100, 55.8, 0.48, 100, 100, 100, 100, 100, 100, 100, 100, 100, 100, 0.117, 100, 0.147, 100, 100, 66.6, 100, 100,",8,gp_kb,1200,300,288,3,80,96,0,P2,3.12.10,2,11,2,v2,2.14.0+cu130,33.7404990196228
1.7247261469361967,1.8555058990748141,0.19791666666666666,0.2222222222222222,0.18333333333333332,0.47554840465461723,1.44378112650131,,d80_w96_k8x3_cv0.06,,0.06,cpu,cpu,v2a,"0.74**2 * Matern(length_scale=[100, 73.9, 95.2, 100, 93.2, 98.3, 100, 0.48, 100, 0.267, 100, 100, 0.7, 0.269, 92.8, 100, 100, 100, 0.723, 37.1, 0.818, 100, 100, 100, 100, 96.8, 100, 100, 100, 100, 0.4",8,gp_kb,1200,300,384,3,80,96,0,P2,3.12.10,3,11,2,v2,2.14.0+cu130,70.31611180305481
2.089261162581867,1.8619489270572267,0.34375,0.3611111111111111,0.3333333333333333,0.6995601062648621,1.7166214036180008,,d80_w96_k8x3_cv0.06,,0.06,cpu,cpu,v2a,"0.816**2 * Matern(length_scale=[0.938, 100, 68.1, 16.1, 0.214, 53.8, 100, 88.8, 0.288, 100, 100, 79.4, 100, 100, 62.4, 65.1, 100, 100, 100, 60.7, 0.329, 100, 85.5, 0.28, 100, 100, 0.3, 0.289, 100, 98.",8,gp_kb,1200,300,480,3,80,96,0,P2,3.12.10,4,11,2,v2,2.14.0+cu130,170.4128077030182
0.8651531951904119,0.871160758581452,,,,,,,d120_w96_k8x3_cv0.06,,0.06,cpu,cpu,v2a,,8,gp_bo_kb,1200,300,96,3,120,96,0,P2,3.12.10,0,12,2,v2,2.14.0+cu130,0.2405087947845459
1.1578511563952103,1.1742702433915113,0.16666666666666666,0.2222222222222222,0.13333333333333333,0.20293494325406422,1.6875629534622534,,d120_w96_k8x3_cv0.06,,0.06,cpu,cpu,v2a,,8,gp_bo_kb,1200,300,192,3,120,96,0,P2,3.12.10,1,12,2,v2,2.14.0+cu130,4.462438583374023
2.4633989096928084,2.4904931648868196,0.25,0.19444444444444445,0.2833333333333333,0.3974950360119753,1.9460885430061825,,d120_w96_k8x3_cv0.06,,0.06,cpu,cpu,v2a,,8,gp_bo_kb,1200,300,288,3,120,96,0,P2,3.12.10,2,12,2,v2,2.14.0+cu130,6.814072370529175
2.4633989096928084,2.4904931648868196,0.25,0.19444444444444445,0.2833333333333333,0.7482948936547565,2.2004018889738166,,d120_w96_k8x3_cv0.06,,0.06,cpu,cpu,v2a,,8,gp_bo_kb,1200,300,384,3,120,96,0,P2,3.12.10,3,12,2,v2,2.14.0+cu130,22.649897813796997
2.4633989096928084,2.4904931648868196,0.23958333333333334,0.3055555555555556,0.2,0.9817093831191427,2.079991178276445,,d120_w96_k8x3_cv0.06,,0.06,cpu,cpu,v2a,,8,gp_bo_kb,1200,300,480,3,120,96,0,P2,3.12.10,4,12,2,v2,2.14.0+cu130,44.59193563461304
16.642176946943344,15.896948902128248,,,,,,,d120_w96_k8x3_cv0.06,,0.06,cpu,cpu,v2a,,8,gp_bo_kb,1200,300,96,3,120,96,0,P2,3.12.10,0,13,0,v2,2.14.0+cu130,0.3667337894439697
23.89333651839224,24.183936188478732,0.041666666666666664,0.027777777777777776,0.05,3.4660478445765803,1.6717880627531894,,d120_w96_k8x3_cv0.06,,0.06,cpu,cpu,v2a,,8,gp_bo_kb,1200,300,192,3,120,96,0,P2,3.12.10,1,13,0,v2,2.14.0+cu130,3.8150534629821777
28.522520424527205,32.568036103693444,0.19791666666666666,0.19444444444444445,0.2,8.115676080363455,1.8068929059937557,,d120_w96_k8x3_cv0.06,,0.06,cpu,cpu,v2a,,8,gp_bo_kb,1200,300,288,3,120,96,0,P2,3.12.10,2,13,0,v2,2.14.0+cu130,4.149062395095825
29.017286292666217,32.568036103693444,0.3229166666666667,0.3611111111111111,0.3,13.477457732858817,2.0164227610803245,,d120_w96_k8x3_cv0.06,,0.06,cpu,cpu,v2a,,8,gp_bo_kb,1200,300,384,3,120,96,0,P2,3.12.10,3,13,0,v2,2.14.0+cu130,12.817804336547852
34.783098535144724,33.36078060278834,0.5208333333333334,0.5833333333333334,0.48333333333333334,16.357880675931266,2.0336829306498845,,d120_w96_k8x3_cv0.06,,0.06,cpu,cpu,v2a,,8,gp_bo_kb,1200,300,480,3,120,96,0,P2,3.12.10,4,13,0,v2,2.14.0+cu130,39.52639365196228
28.373114454920835,29.365590114191274,,,,,,,d120_w96_k8x3_cv0.06,,0.06,cpu,cpu,v2a,,8,gp_bo_kb,1200,300,96,3,120,96,0,P2,3.12.10,0,10,2,v2,2.14.0+cu130,1.64137864112854
47.95402051349228,51.11429297200528,0.041666666666666664,0.05555555555555555,0.03333333333333333,6.802780003613917,1.4461038334237357,,d120_w96_k8x3_cv0.06,,0.06,cpu,cpu,v2a,,8,gp_bo_kb,1200,300,192,3,120,96,0,P2,3.12.10,1,10,2,v2,2.14.0+cu130,12.949530363082886
60.08506664315789,58.310473110033534,0.3333333333333333,0.5,0.23333333333333334,17.05172867211576,2.0983748515052763,,d120_w96_k8x3_cv0.06,,0.06,cpu,cpu,v2a,,8,gp_bo_kb,1200,300,288,3,120,96,0,P2,3.12.10,2,10,2,v2,2.14.0+cu130,16.54035186767578
60.37331469514865,59.88269697471632,0.3541666666666667,0.2777777777777778,0.4,29.304524393727608,2.036554372325009,,d120_w96_k8x3_cv0.06,,0.06,cpu,cpu,v2a,,8,gp_bo_kb,1200,300,384,3,120,96,0,P2,3.12.10,3,10,2,v2,2.14.0+cu130,14.637582063674927
72.37727629742166,68.95711019100196,0.3229166666666667,0.25,0.36666666666666664,24.094489714382647,1.382534284187278,,d120_w96_k8x3_cv0.06,,0.06,cpu,cpu,v2a,,8,gp_bo_kb,1200,300,480,3,120,96,0,P2,3.12.10,4,10,2,v2,2.14.0+cu130,16.964970350265503
28.167887125666866,26.138401549019125,,,,,,,d120_w96_k8x3_cv0.06,,0.06,cpu,cpu,v2a,,8,gp_bo_kb,1200,300,96,3,120,96,0,P2,3.12.10,0,13,1,v2,2.14.0+cu130,0.3407881259918213
28.167887125666866,26.395640030416068,0.125,0.1388888888888889,0.11666666666666667,4.167025383544868,1.4202687488514574,,d120_w96_k8x3_cv0.06,,0.06,cpu,cpu,v2a,,8,gp_bo_kb,1200,300,192,3,120,96,0,P2,3.12.10,1,13,1,v2,2.14.0+cu130,3.4979569911956787
34.40669054084406,34.280386715119064,0.15625,0.16666666666666666,0.15,11.83104347912304,1.9074622587826842,,d120_w96_k8x3_cv0.06,,0.06,cpu,cpu,v2a,,8,gp_bo_kb,1200,300,288,3,120,96,0,P2,3.12.10,2,13,1,v2,2.14.0+cu130,6.083955764770508
35.342057269611004,35.121594541000334,0.2708333333333333,0.19444444444444445,0.31666666666666665,15.643348589563393,2.0556554574445625,,d120_w96_k8x3_cv0.06,,0.06,cpu,cpu,v2a,,8,gp_bo_kb,1200,300,384,3,120,96,0,P2,3.12.10,3,13,1,v2,2.14.0+cu130,20.88202738761902
36.174683176765534,35.60986797660567,0.4479166666666667,0.5833333333333334,0.36666666666666664,18.22661534924403,1.9922897702631792,,d120_w96_k8x3_cv0.06,,0.06,cpu,cpu,v2a,,8,gp_bo_kb,1200,300,480,3,120,96,0,P2,3.12.10,4,13,1,v2,2.14.0+cu130,45.50674748420715
0.8941241911247243,0.9013523133505106,,,,,,,d120_w96_k8x3_cv0.06,,0.06,cpu,cpu,v2a,,8,gp_bo_kb,1200,300,96,3,120,96,0,P2,3.12.10,0,12,0,v2,2.14.0+cu130,0.22241425514221191
1.8205347702994301,1.883025994903619,0.020833333333333332,0.05555555555555555,0.0,0.20421046708574783,1.4837854200437905,,d120_w96_k8x3_cv0.06,,0.06,cpu,cpu,v2a,,8,gp_bo_kb,1200,300,192,3,120,96,0,P2,3.12.10,1,12,0,v2,2.14.0+cu130,5.761355638504028
2.4857653130693524,2.3535422550375866,0.3541666666666667,0.3055555555555556,0.38333333333333336,0.5446177035985376,2.132724107368428,,d120_w96_k8x3_cv0.06,,0.06,cpu,cpu,v2a,,8,gp_bo_kb,1200,300,288,3,120,96,0,P2,3.12.10,2,12,0,v2,2.14.0+cu130,10.733391523361206
2.6007491028447474,2.7541296438050304,0.3958333333333333,0.3888888888888889,0.4,0.8580502680212203,1.5379788489350021,,d120_w96_k8x3_cv0.06,,0.06,cpu,cpu,v2a,,8,gp_bo_kb,1200,300,384,3,120,96,0,P2,3.12.10,3,12,0,v2,2.14.0+cu130,44.920775175094604
2.8559040317346875,2.858625676516861,0.53125,0.5555555555555556,0.5166666666666667,1.1230894597568453,1.4663614635553868,,d120_w96_k8x3_cv0.06,,0.06,cpu,cpu,v2a,,8,gp_bo_kb,1200,300,480,3,120,96,0,P2,3.12.10,4,12,0,v2,2.14.0+cu130,44.684365034103394
15.13468007818145,16.749749217128766,,,,,,,d120_w96_k8x3_cv0.06,,0.06,cpu,cpu,v2a,,8,gp_kb,1200,300,96,3,120,96,0,P2,3.12.10,0,10,1,v2,2.14.0+cu130,0.4121286869049072
15.13468007818145,16.749749217128766,0.4479166666666667,0.4444444444444444,0.45,4.685756769742317,1.9447037846753061,,d120_w96_k8x3_cv0.06,,0.06,cpu,cpu,v2a,"0.984**2 * Matern(length_scale=[100, 100, 100, 100, 100, 100, 100, 100, 100, 100, 100, 100, 100, 100, 100, 100, 100, 100, 100, 100, 100, 100, 100, 100, 100, 0.139, 100, 100, 0.2, 100, 100, 100, 100, 1",8,gp_kb,1200,300,192,3,120,96,0,P2,3.12.10,1,10,1,v2,2.14.0+cu130,4.6349077224731445
30.036836801701213,33.38431499938975,0.5104166666666666,0.4722222222222222,0.5333333333333333,5.500934030079319,2.390562101508811,,d120_w96_k8x3_cv0.06,,0.06,cpu,cpu,v2a,"0.978**2 * Matern(length_scale=[100, 96.9, 94.6, 100, 100, 100, 67.5, 100, 100, 66.6, 89.8, 74.4, 100, 100, 100, 100, 83, 100, 58.9, 95.8, 75.9, 83.1, 100, 100, 91.6, 100, 100, 94.5, 100, 100, 100, 97",8,gp_kb,1200,300,288,3,120,96,0,P2,3.12.10,2,10,1,v2,2.14.0+cu130,23.643309593200684
39.01814684969752,39.82234885364214,0.5625,0.5833333333333334,0.55,8.314646606806845,2.14545795517331,,d120_w96_k8x3_cv0.06,,0.06,cpu,cpu,v2a,"0.905**2 * Matern(length_scale=[100, 77.9, 100, 100, 100, 69.3, 100, 100, 53.9, 100, 0.269, 100, 100, 100, 68.4, 19.4, 99.3, 100, 63.6, 100, 90.9, 68.2, 100, 100, 100, 100, 100, 100, 100, 100, 57, 78.",8,gp_kb,1200,300,384,3,120,96,0,P2,3.12.10,3,10,1,v2,2.14.0+cu130,43.54902219772339
42.54307198375347,45.39448376038112,0.4166666666666667,0.4444444444444444,0.4,9.515554795416497,1.8574200849642666,,d120_w96_k8x3_cv0.06,,0.06,cpu,cpu,v2a,"0.742**2 * Matern(length_scale=[6.08, 100, 93.4, 0.137, 50.3, 100, 47.9, 23.4, 52.6, 100, 100, 97, 98.1, 100, 100, 0.174, 95.3, 0.449, 78.1, 56.1, 15.2, 100, 21.8, 40.5, 45, 65.2, 62.8, 100, 31.5, 38,",8,gp_kb,1200,300,480,3,120,96,0,P2,3.12.10,4,10,1,v2,2.14.0+cu130,80.67270302772522
20.35741142083781,23.836964720118825,,,,,,,d120_w96_k8x3_cv0.06,,0.06,cpu,cpu,v2a,,8,gp_bo_kb,1200,300,96,3,120,96,0,P2,3.12.10,0,14,1,v2,2.14.0+cu130,0.40740489959716797
39.59527849671374,39.79293956745551,0.041666666666666664,0.027777777777777776,0.05,3.7633913341118994,1.4741293542358151,,d120_w96_k8x3_cv0.06,,0.06,cpu,cpu,v2a,,8,gp_bo_kb,1200,300,192,3,120,96,0,P2,3.12.10,1,14,1,v2,2.14.0+cu130,6.296664237976074
45.136800592872035,47.84403544395342,0.2604166666666667,0.19444444444444445,0.3,12.180703871273012,1.3882950778225391,,d120_w96_k8x3_cv0.06,,0.06,cpu,cpu,v2a,,8,gp_bo_kb,1200,300,288,3,120,96,0,P2,3.12.10,2,14,1,v2,2.14.0+cu130,9.15192461013794
64.25924514961652,61.91885223082169,0.40625,0.3333333333333333,0.45,22.611564178572994,1.9016061820335453,,d120_w96_k8x3_cv0.06,,0.06,cpu,cpu,v2a,,8,gp_bo_kb,1200,300,384,3,120,96,0,P2,3.12.10,3,14,1,v2,2.14.0+cu130,19.653343677520752
66.65761932029255,62.55324876125176,0.53125,0.5555555555555556,0.5166666666666667,29.132084437392916,2.066717809168667,,d120_w96_k8x3_cv0.06,,0.06,cpu,cpu,v2a,,8,gp_bo_kb,1200,300,480,3,120,96,0,P2,3.12.10,4,14,1,v2,2.14.0+cu130,47.46251201629639
20.203650433938165,19.95157606207016,,,,,,,d120_w96_k8x3_cv0.06,,0.06,cpu,cpu,v2a,,8,gp_bo_kb,1200,300,96,3,120,96,0,P2,3.12.10,0,14,2,v2,2.14.0+cu130,0.4229583740234375
26.80532021765028,26.58986708745617,0.08333333333333333,0.1388888888888889,0.05,3.7441660827007475,1.4060909135638835,,d120_w96_k8x3_cv0.06,,0.06,cpu,cpu,v2a,,8,gp_bo_kb,1200,300,192,3,120,96,0,P2,3.12.10,1,14,2,v2,2.14.0+cu130,8.92064380645752
32.037857925688044,31.48761070248277,0.25,0.3333333333333333,0.2,9.370360295522024,1.650107878649092,,d120_w96_k8x3_cv0.06,,0.06,cpu,cpu,v2a,,8,gp_bo_kb,1200,300,288,3,120,96,0,P2,3.12.10,2,14,2,v2,2.14.0+cu130,6.879340648651123
34.31637297934629,33.56041321784009,0.5729166666666666,0.5277777777777778,0.6,13.654803732298227,1.8677302699097103,,d120_w96_k8x3_cv0.06,,0.06,cpu,cpu,v2a,,8,gp_bo_kb,1200,300,384,3,120,96,0,P2,3.12.10,3,14,2,v2,2.14.0+cu130,27.383294343948364
41.68788918829847,38.980558722424924,0.5208333333333334,0.4722222222222222,0.55,15.232416997600126,1.597660791776699,,d120_w96_k8x3_cv0.06,,0.06,cpu,cpu,v2a,,8,gp_bo_kb,1200,300,480,3,120,96,0,P2,3.12.10,4,14,2,v2,2.14.0+cu130,47.130929946899414
0.6365259290763978,0.6245036724071522,,,,,,,d120_w96_k8x3_cv0.06,,0.06,cpu,cpu,v2a,,8,gp_kb,1200,300,96,3,120,96,0,P2,3.12.10,0,11,1,v2,2.14.0+cu130,0.19982194900512695
0.6365259290763978,0.6245036724071522,0.1875,0.1388888888888889,0.21666666666666667,0.08327174296050993,1.1873700558913813,,d120_w96_k8x3_cv0.06,,0.06,cpu,cpu,v2a,"3.41**2 * Matern(length_scale=[18.6, 100, 100, 100, 100, 9.38, 100, 100, 100, 100, 100, 19.1, 100, 12.4, 11, 100, 100, 100, 100, 100, 100, 100, 100, 100, 100, 84.6, 100, 100, 13.5, 100, 100, 100, 100,",8,gp_kb,1200,300,192,3,120,96,0,P2,3.12.10,1,11,1,v2,2.14.0+cu130,11.771146059036255
0.8544242974756857,0.8276631527611757,0.8854166666666666,0.8888888888888888,0.8833333333333333,0.15482341200170202,2.6420678718152,,d120_w96_k8x3_cv0.06,,0.06,cpu,cpu,v2a,"1.03**2 * Matern(length_scale=[1.63, 23.3, 0.0314, 0.131, 2.2, 75.6, 1.75, 0.0119, 15.9, 0.0855, 16.9, 0.356, 28.5, 9.74, 1.68, 0.0351, 0.0174, 0.0306, 0.0151, 0.0269, 0.08, 7.11, 1.73, 0.0112, 0.0194",8,gp_kb,1200,300,288,3,120,96,0,P2,3.12.10,2,11,1,v2,2.14.0+cu130,6.823771953582764
1.0170250810415977,1.0978126810639472,0.8958333333333334,0.7777777777777778,0.9666666666666667,0.19790308754849215,2.6734375723309696,,d120_w96_k8x3_cv0.06,,0.06,cpu,cpu,v2a,"1.04**2 * Matern(length_scale=[1.63, 23.3, 0.0314, 0.131, 2.2, 75.6, 1.75, 0.0119, 15.9, 0.0855, 16.9, 0.356, 28.5, 9.74, 1.68, 0.0351, 0.0174, 0.0306, 0.0151, 0.0269, 0.08, 7.11, 1.73, 0.0112, 0.0194",8,gp_kb,1200,300,384,3,120,96,0,P2,3.12.10,3,11,1,v2,2.14.0+cu130,16.113832235336304
1.0704573432721973,1.0978126810639472,0.4791666666666667,0.4166666666666667,0.5166666666666667,0.19361907945555687,1.7203815650118925,,d120_w96_k8x3_cv0.06,,0.06,cpu,cpu,v2a,"0.758**2 * Matern(length_scale=[100, 100, 0.0377, 100, 100, 100, 100, 100, 100, 100, 100, 100, 100, 100, 100, 100, 100, 100, 100, 100, 100, 100, 100, 100, 100, 100, 100, 100, 100, 100, 100, 100, 100, ",8,gp_kb,1200,300,480,3,120,96,0,P2,3.12.10,4,11,1,v2,2.14.0+cu130,128.02871870994568
0.6365259290763978,0.6245036724071522,,,,,,,d120_w96_k8x3_cv0.06,,0.06,cpu,cpu,v2a,,8,gp_lp,1200,300,96,3,120,96,0,P2,3.12.10,0,11,1,v2,2.14.0+cu130,0.20073342323303223
0.6365259290763978,0.6245036724071522,0.21875,0.16666666666666666,0.25,0.07327970162204067,1.0448937456722758,,d120_w96_k8x3_cv0.06,,0.06,cpu,cpu,v2a,"3.41**2 * Matern(length_scale=[18.6, 100, 100, 100, 100, 9.38, 100, 100, 100, 100, 100, 19.1, 100, 12.4, 11, 100, 100, 100, 100, 100, 100, 100, 100, 100, 100, 84.6, 100, 100, 13.5, 100, 100, 100, 100,",8,gp_lp,1200,300,192,3,120,96,0,P2,3.12.10,1,11,1,v2,2.14.0+cu130,17.656025171279907
0.7121705914644365,0.8276631527611757,0.9166666666666666,0.9166666666666666,0.9166666666666666,0.15357022187765512,2.645574222690055,,d120_w96_k8x3_cv0.06,,0.06,cpu,cpu,v2a,"1.03**2 * Matern(length_scale=[1.63, 23.3, 0.0314, 0.131, 2.2, 75.6, 1.75, 0.0119, 15.9, 0.0855, 16.9, 0.356, 28.5, 9.74, 1.68, 0.0351, 0.0174, 0.0306, 0.0151, 0.0269, 0.08, 7.11, 1.73, 0.0112, 0.0194",8,gp_lp,1200,300,288,3,120,96,0,P2,3.12.10,2,11,1,v2,2.14.0+cu130,9.999287843704224
0.7121705914644365,0.8276631527611757,0.9270833333333334,0.9166666666666666,0.9333333333333333,0.18365520803581672,2.690453145750716,,d120_w96_k8x3_cv0.06,,0.06,cpu,cpu,v2a,"1.05**2 * Matern(length_scale=[7.61, 0.01, 0.162, 0.0386, 0.0234, 0.0556, 0.241, 0.386, 1.43, 0.475, 5.51, 0.0657, 32.5, 0.0129, 4.81, 0.467, 1.72, 0.0364, 0.062, 16, 74.7, 0.179, 5.88, 32, 37.9, 0.02",8,gp_lp,1200,300,384,3,120,96,0,P2,3.12.10,3,11,1,v2,2.14.0+cu130,18.27235245704651
0.7121705914644365,0.8276631527611757,0.9583333333333334,0.9444444444444444,0.9666666666666667,0.1747999275084879,2.5703925853093037,,d120_w96_k8x3_cv0.06,,0.06,cpu,cpu,v2a,"1**2 * Matern(length_scale=[7.61, 0.01, 0.162, 0.0386, 0.0234, 0.0556, 0.241, 0.386, 1.43, 0.475, 5.51, 0.0657, 32.5, 0.0129, 4.81, 0.467, 1.72, 0.0364, 0.062, 16, 74.7, 0.179, 5.88, 32, 37.9, 0.0219,",8,gp_lp,1200,300,480,3,120,96,0,P2,3.12.10,4,11,1,v2,2.14.0+cu130,26.607503175735474
0.5925264545102537,0.5522428470437529,,,,,,,d120_w96_k8x3_cv0.06,,0.06,cpu,cpu,v2a,,8,gp_kb,1200,300,96,3,120,96,0,P2,3.12.10,0,11,2,v2,2.14.0+cu130,0.17434430122375488
0.5925264545102537,0.5522428470437529,0.3020833333333333,0.2777777777777778,0.31666666666666665,0.0916597213274745,1.1102281891772912,,d120_w96_k8x3_cv0.06,,0.06,cpu,cpu,v2a,"1.74**2 * Matern(length_scale=[100, 100, 100, 100, 5.87, 100, 100, 100, 100, 100, 100, 100, 100, 100, 100, 100, 8.22, 100, 100, 100, 2.15, 100, 100, 2.96, 100, 100, 100, 100, 100, 100, 100, 100, 100, ",8,gp_kb,1200,300,192,3,120,96,0,P2,3.12.10,1,11,2,v2,2.14.0+cu130,6.6803669929504395
0.7080273314295688,0.6551798345944185,0.53125,0.5277777777777778,0.5333333333333333,0.1891299396339062,2.44747904359522,,d120_w96_k8x3_cv0.06,,0.06,cpu,cpu,v2a,"1.01**2 * Matern(length_scale=[59.7, 100, 100, 0.0541, 100, 100, 43.4, 100, 100, 100, 0.281, 100, 66.7, 72, 100, 100, 100, 86.6, 100, 28.2, 100, 100, 49.2, 100, 100, 100, 100, 100, 63.6, 100, 93.2, 10",8,gp_kb,1200,300,288,3,120,96,0,P2,3.12.10,2,11,2,v2,2.14.0+cu130,31.747341871261597
1.2563800222033974,1.2993993081194315,0.5,0.5555555555555556,0.4666666666666667,0.21906585973331114,2.2552293492436077,,d120_w96_k8x3_cv0.06,,0.06,cpu,cpu,v2a,"0.897**2 * Matern(length_scale=[50.6, 55.6, 100, 48, 90.3, 100, 81.7, 100, 100, 100, 97.6, 34.3, 49.6, 63.2, 75.7, 100, 100, 89.1, 98.1, 95.2, 50.8, 97.3, 16.7, 100, 49.5, 81.6, 85.2, 0.19, 54.4, 63.2",8,gp_kb,1200,300,384,3,120,96,0,P2,3.12.10,3,11,2,v2,2.14.0+cu130,66.07600116729736
1.2563800222033974,1.2993993081194315,0.6041666666666666,0.6111111111111112,0.6,0.2784035616971758,2.1383278189075083,,d120_w96_k8x3_cv0.06,,0.06,cpu,cpu,v2a,"0.861**2 * Matern(length_scale=[100, 36.3, 90.3, 100, 43.7, 82.1, 59.9, 100, 100, 80, 100, 77.3, 59.1, 96.5, 17.2, 100, 60.1, 39.3, 39.4, 100, 100, 78.1, 0.1, 68.6, 100, 58.6, 100, 100, 18.9, 65.9, 76",8,gp_kb,1200,300,480,3,120,96,0,P2,3.12.10,4,11,2,v2,2.14.0+cu130,68.6175229549408
12.871997329223403,13.444472235990638,,,,,,,d120_w96_k8x3_cv0.06,,0.06,cpu,cpu,v2a,,8,gp_kb,1200,300,96,3,120,96,0,P2,3.12.10,0,13,2,v2,2.14.0+cu130,0.30454301834106445
12.871997329223403,13.444472235990638,0.22916666666666666,0.2777777777777778,0.2,2.9925081478294007,1.3782755038633705,,d120_w96_k8x3_cv0.06,,0.06,cpu,cpu,v2a,"1.75**2 * Matern(length_scale=[100, 6.04, 100, 100, 100, 100, 100, 100, 100, 100, 28.4, 100, 100, 100, 100, 100, 100, 100, 100, 100, 100, 100, 100, 100, 100, 100, 100, 0.43, 100, 100, 100, 100, 100, 1",8,gp_kb,1200,300,192,3,120,96,0,P2,3.12.10,1,13,2,v2,2.14.0+cu130,3.7677886486053467
18.34582241409272,19.107850845518538,0.3229166666666667,0.3055555555555556,0.3333333333333333,4.059396212757458,1.750928825091,,d120_w96_k8x3_cv0.06,,0.06,cpu,cpu,v2a,"0.807**2 * Matern(length_scale=[100, 100, 100, 100, 0.747, 100, 100, 100, 75.6, 100, 100, 100, 71.7, 100, 63, 100, 100, 100, 100, 0.156, 100, 77.3, 100, 100, 100, 100, 100, 100, 100, 100, 92.5, 53.8, ",8,gp_kb,1200,300,288,3,120,96,0,P2,3.12.10,2,13,2,v2,2.14.0+cu130,18.828575134277344
18.34582241409272,19.107850845518538,0.46875,0.5,0.45,5.109449753202669,2.1705330280709543,,d120_w96_k8x3_cv0.06,,0.06,cpu,cpu,v2a,"0.885**2 * Matern(length_scale=[57.3, 65, 100, 60.8, 0.109, 100, 100, 0.166, 59.2, 77.4, 62.8, 57.7, 43.6, 100, 46.1, 34, 67.9, 100, 55.7, 100, 94.9, 29.2, 47.9, 49.8, 58.7, 0.15, 100, 91.6, 89.8, 28.",8,gp_kb,1200,300,384,3,120,96,0,P2,3.12.10,3,13,2,v2,2.14.0+cu130,43.395305156707764
18.34582241409272,19.107850845518538,0.46875,0.4444444444444444,0.48333333333333334,5.398714108336255,2.2062336291588873,,d120_w96_k8x3_cv0.06,,0.06,cpu,cpu,v2a,"0.891**2 * Matern(length_scale=[100, 30.7, 100, 100, 0.252, 100, 82.3, 53.8, 100, 100, 90, 90, 72, 100, 100, 95.8, 100, 58.8, 100, 80.2, 0.452, 0.183, 97.6, 43.6, 43.9, 100, 100, 0.0841, 100, 11.8, 0.",8,gp_kb,1200,300,480,3,120,96,0,P2,3.12.10,4,13,2,v2,2.14.0+cu130,96.08526611328125
19.85340405869757,20.313584140615923,,,,,,,d120_w96_k8x3_cv0.06,,0.06,cpu,cpu,v2a,,8,gp_bo_lp,1200,300,96,3,120,96,0,P2,3.12.10,0,10,0,v2,2.14.0+cu130,0.4039766788482666
33.06318954181786,32.50158602903067,0.09375,0.1388888888888889,0.06666666666666667,4.006774324624426,1.3618490608013147,,d120_w96_k8x3_cv0.06,,0.06,cpu,cpu,v2a,,8,gp_bo_lp,1200,300,192,3,120,96,0,P2,3.12.10,1,10,0,v2,2.14.0+cu130,4.332037448883057
33.06318954181786,32.50158602903067,0.90625,0.8611111111111112,0.9333333333333333,9.780624535894871,2.541138263291339,,d120_w96_k8x3_cv0.06,,0.06,cpu,cpu,v2a,,8,gp_bo_lp,1200,300,288,3,120,96,0,P2,3.12.10,2,10,0,v2,2.14.0+cu130,2.4062678813934326
34.977715198797085,32.50158602903067,0.8958333333333334,0.8611111111111112,0.9166666666666666,4.30370236928749,1.336522157682523,,d120_w96_k8x3_cv0.06,,0.06,cpu,cpu,v2a,,8,gp_bo_lp,1200,300,384,3,120,96,0,P2,3.12.10,3,10,0,v2,2.14.0+cu130,1.1893599033355713
34.977715198797085,34.855728962336165,0.7708333333333334,0.8333333333333334,0.7333333333333333,9.637709139836375,2.4076335206830515,,d120_w96_k8x3_cv0.06,,0.06,cpu,cpu,v2a,,8,gp_bo_lp,1200,300,480,3,120,96,0,P2,3.12.10,4,10,0,v2,2.14.0+cu130,7.4187541007995605
12.288301187114408,15.442359118822713,,,,,,,d80_w96_k8x3_cv0.06,,0.06,cpu,cpu,v2a,,8,gp_lp,1200,300,96,3,80,96,0,P2,3.12.10,0,13,1,v2,2.14.0+cu130,0.315324068069458
19.73809710104109,17.78705526072856,0.010416666666666666,0.027777777777777776,0.0,2.8973463911221895,1.2453842114802367,,d80_w96_k8x3_cv0.06,,0.06,cpu,cpu,v2a,"1.53**2 * Matern(length_scale=[100, 100, 100, 100, 100, 100, 100, 68.2, 5.47, 100, 100, 100, 100, 100, 100, 0.814, 100, 100, 0.719, 100, 100, 1.25, 100, 100, 100, 100, 100, 100, 100, 100, 100, 12.5, 1",8,gp_lp,1200,300,192,3,80,96,0,P2,3.12.10,1,13,1,v2,2.14.0+cu130,13.497464418411255
19.73809710104109,17.78705526072856,0.8958333333333334,0.9166666666666666,0.8833333333333333,6.923193270912788,2.241391059178974,,d80_w96_k8x3_cv0.06,,0.06,cpu,cpu,v2a,"0.899**2 * Matern(length_scale=[79.8, 83.3, 66.9, 100, 100, 100, 23.5, 100, 100, 21.3, 0.122, 100, 0.375, 100, 100, 100, 56.5, 100, 0.224, 73.4, 100, 61.7, 100, 46.6, 100, 52, 45.2, 100, 100, 43.5, 10",8,gp_lp,1200,300,288,3,80,96,0,P2,3.12.10,2,13,1,v2,2.14.0+cu130,21.471399784088135
19.73809710104109,17.78705526072856,0.875,0.8611111111111112,0.8833333333333333,6.243777328686221,2.1213021047848093,,d80_w96_k8x3_cv0.06,,0.06,cpu,cpu,v2a,"0.831**2 * Matern(length_scale=[100, 100, 100, 100, 77.4, 86.3, 100, 100, 100, 100, 0.137, 100, 100, 100, 100, 100, 100, 100, 0.108, 100, 100, 100, 100, 0.209, 100, 100, 100, 100, 100, 45.1, 100, 100,",8,gp_lp,1200,300,384,3,80,96,0,P2,3.12.10,3,13,1,v2,2.14.0+cu130,126.36121821403503
19.73809710104109,20.380384869503285,0.8958333333333334,0.9166666666666666,0.8833333333333333,5.707642111494639,2.043886904371662,,d80_w96_k8x3_cv0.06,,0.06,cpu,cpu,v2a,"0.814**2 * Matern(length_scale=[100, 100, 100, 100, 100, 100, 100, 100, 100, 100, 0.122, 100, 100, 100, 100, 100, 100, 100, 0.129, 100, 100, 72.6, 100, 100, 100, 100, 0.446, 95.6, 100, 100, 100, 100, ",8,gp_lp,1200,300,480,3,80,96,0,P2,3.12.10,4,13,1,v2,2.14.0+cu130,131.17238807678223
28.373114454920835,29.365590114191274,,,,,,,d120_w96_k8x3_cv0.06,,0.06,cpu,cpu,v2a,,8,gp_kb,1200,300,96,3,120,96,0,P2,3.12.10,0,10,2,v2,2.14.0+cu130,0.6030259132385254
37.531893301856734,38.4616491382199,0.4375,0.4166666666666667,0.45,5.977191494564919,1.270604007303811,,d120_w96_k8x3_cv0.06,,0.06,cpu,cpu,v2a,"1.02**2 * Matern(length_scale=[100, 100, 8.03, 2.16, 1.94, 100, 100, 100, 1.26, 100, 100, 100, 100, 100, 100, 100, 100, 100, 100, 100, 100, 100, 100, 100, 100, 100, 100, 100, 100, 100, 100, 100, 100, ",8,gp_kb,1200,300,192,3,120,96,0,P2,3.12.10,1,10,2,v2,2.14.0+cu130,4.051400661468506
52.841528015131246,48.26989252295873,0.5520833333333334,0.6111111111111112,0.5166666666666667,10.32465618960914,1.9557129387334322,,d120_w96_k8x3_cv0.06,,0.06,cpu,cpu,v2a,"1.02**2 * Matern(length_scale=[100, 100, 100, 100, 100, 100, 100, 100, 100, 100, 100, 100, 100, 100, 100, 100, 100, 100, 100, 100, 100, 100, 100, 100, 100, 100, 100, 100, 100, 100, 100, 100, 100, 100,",8,gp_kb,1200,300,288,3,120,96,0,P2,3.12.10,2,10,2,v2,2.14.0+cu130,28.697556734085083
54.44636798188468,54.90727390485981,0.20833333333333334,0.25,0.18333333333333332,11.352216626391089,1.2533227860672105,,d120_w96_k8x3_cv0.06,,0.06,cpu,cpu,v2a,"0.656**2 * Matern(length_scale=[47.4, 91.1, 42.3, 58.2, 100, 45.6, 64.9, 68.1, 100, 100, 100, 100, 100, 100, 99, 100, 25.6, 55, 100, 86.6, 41.4, 0.167, 18.5, 40.6, 78.6, 93.1, 0.182, 100, 91.1, 100, 1",8,gp_kb,1200,300,384,3,120,96,0,P2,3.12.10,3,10,2,v2,2.14.0+cu130,36.83104968070984
61.041624439531866,64.55186757398332,0.3125,0.4166666666666667,0.25,18.135244135922452,1.3811854167108701,,d120_w96_k8x3_cv0.06,,0.06,cpu,cpu,v2a,"0.739**2 * Matern(length_scale=[100, 100, 100, 100, 47.4, 100, 91.3, 94, 100, 98.2, 100, 100, 77.3, 100, 100, 100, 75.1, 100, 100, 100, 100, 0.705, 100, 100, 100, 90, 55.2, 87.8, 0.261, 74.3, 49.2, 80",8,gp_kb,1200,300,480,3,120,96,0,P2,3.12.10,4,10,2,v2,2.14.0+cu130,122.89498996734619
0.6365259290763978,0.6245036724071522,,,,,,,d120_w96_k8x3_cv0.06,,0.06,cpu,cpu,v2a,,8,gp_bo_lp,1200,300,96,3,120,96,0,P2,3.12.10,0,11,1,v2,2.14.0+cu130,0.0001900196075439453
0.6365259290763978,0.6245036724071522,0.3541666666666667,0.3611111111111111,0.35,0.10058185948756775,1.434194648454144,,d120_w96_k8x3_cv0.06,,0.06,cpu,cpu,v2a,,8,gp_bo_lp,1200,300,192,3,120,96,0,P2,3.12.10,1,11,1,v2,2.14.0+cu130,1.441380262374878
0.7121705914644365,0.8276631527611757,0.8541666666666666,0.8055555555555556,0.8833333333333333,0.095536465645595,1.6562060236797274,,d120_w96_k8x3_cv0.06,,0.06,cpu,cpu,v2a,,8,gp_bo_lp,1200,300,288,3,120,96,0,P2,3.12.10,2,11,1,v2,2.14.0+cu130,0.5823945999145508
0.7121705914644365,0.8276631527611757,0.8125,0.8333333333333334,0.8,0.11338918143224182,1.6654830095851385,,d120_w96_k8x3_cv0.06,,0.06,cpu,cpu,v2a,,8,gp_bo_lp,1200,300,384,3,120,96,0,P2,3.12.10,3,11,1,v2,2.14.0+cu130,1.7822608947753906
0.7121705914644365,0.8276631527611757,0.84375,0.8611111111111112,0.8333333333333334,0.09501547424859007,1.5000253697842054,,d120_w96_k8x3_cv0.06,,0.06,cpu,cpu,v2a,,8,gp_bo_lp,1200,300,480,3,120,96,0,P2,3.12.10,4,11,1,v2,2.14.0+cu130,3.493555784225464
0.6744078097484494,0.6497177820663854,,,,,,,d120_w96_k8x3_cv0.06,,0.06,cpu,cpu,v2a,,8,gp_bo_lp,1200,300,96,3,120,96,0,P2,3.12.10,0,11,0,v2,2.14.0+cu130,0.1813216209411621
0.6744078097484494,0.6497177820663854,0.21875,0.2777777777777778,0.18333333333333332,0.12318677926362025,1.3977742916340796,,d120_w96_k8x3_cv0.06,,0.06,cpu,cpu,v2a,,8,gp_bo_lp,1200,300,192,3,120,96,0,P2,3.12.10,1,11,0,v2,2.14.0+cu130,2.7822468280792236
0.6744078097484494,0.6497177820663854,0.75,0.75,0.75,0.25618351431657377,2.4053819060135346,,d120_w96_k8x3_cv0.06,,0.06,cpu,cpu,v2a,,8,gp_bo_lp,1200,300,288,3,120,96,0,P2,3.12.10,2,11,0,v2,2.14.0+cu130,2.858802080154419
0.6744078097484494,0.6497177820663854,0.7708333333333334,0.6388888888888888,0.85,0.23109354682967723,2.4726453438000338,,d120_w96_k8x3_cv0.06,,0.06,cpu,cpu,v2a,,8,gp_bo_lp,1200,300,384,3,120,96,0,P2,3.12.10,3,11,0,v2,2.14.0+cu130,5.847047805786133
0.6744078097484494,0.6497177820663854,0.8958333333333334,0.8888888888888888,0.9,0.21204076523402157,2.5377882018715376,,d120_w96_k8x3_cv0.06,,0.06,cpu,cpu,v2a,,8,gp_bo_lp,1200,300,480,3,120,96,0,P2,3.12.10,4,11,0,v2,2.14.0+cu130,2.7809455394744873
0.6336439165530722,0.6783048606990572,,,,,,,d120_w96_k8x3_cv0.06,,0.06,cpu,cpu,v2a,,8,gp_kb,1200,300,96,3,120,96,0,P2,3.12.10,0,12,1,v2,2.14.0+cu130,0.1972646713256836
1.5021258026257984,1.436139077310481,0.16666666666666666,0.1111111111111111,0.2,0.12963320321408534,1.2133657503412516,,d120_w96_k8x3_cv0.06,,0.06,cpu,cpu,v2a,"2.67**2 * Matern(length_scale=[100, 100, 16.8, 100, 100, 100, 100, 100, 100, 100, 100, 100, 100, 100, 100, 100, 100, 50.7, 100, 100, 100, 100, 7.11, 100, 100, 10.7, 8.61, 100, 2.12, 100, 100, 100, 100",8,gp_kb,1200,300,192,3,120,96,0,P2,3.12.10,1,12,1,v2,2.14.0+cu130,7.574650287628174
1.7038239463405855,1.678095087100991,0.6458333333333334,0.6666666666666666,0.6333333333333333,0.34289768281575467,2.3761329795488675,,d120_w96_k8x3_cv0.06,,0.06,cpu,cpu,v2a,"0.958**2 * Matern(length_scale=[100, 100, 100, 64.9, 16.4, 100, 79.1, 99.9, 26.2, 21.1, 31.7, 100, 11.1, 100, 19.7, 93.4, 25.2, 6.97, 14.5, 25.1, 100, 62.4, 60.4, 0.276, 25.6, 99.5, 30.7, 100, 8.56, 1",8,gp_kb,1200,300,288,3,120,96,0,P2,3.12.10,2,12,1,v2,2.14.0+cu130,30.45175862312317
2.7009625253905463,2.5359497731612084,0.5520833333333334,0.5277777777777778,0.5666666666666667,0.4112388046199918,1.8026797137352544,,d120_w96_k8x3_cv0.06,,0.06,cpu,cpu,v2a,"0.762**2 * Matern(length_scale=[100, 100, 100, 0.205, 100, 100, 100, 100, 100, 100, 100, 100, 0.0528, 100, 100, 100, 0.0449, 100, 100, 77.6, 100, 65.2, 100, 100, 77.1, 100, 100, 100, 75.5, 100, 100, 1",8,gp_kb,1200,300,384,3,120,96,0,P2,3.12.10,3,12,1,v2,2.14.0+cu130,76.03738784790039
2.7009625253905463,2.6231580079910493,0.2604166666666667,0.2777777777777778,0.25,0.580403230706071,1.8074036152379052,,d120_w96_k8x3_cv0.06,,0.06,cpu,cpu,v2a,"0.743**2 * Matern(length_scale=[100, 100, 100, 31.8, 47.9, 100, 0.14, 100, 87.1, 100, 100, 49.5, 96.1, 100, 100, 57.2, 86.1, 100, 100, 100, 100, 100, 100, 65.9, 97.8, 100, 44.2, 100, 100, 100, 0.234, ",8,gp_kb,1200,300,480,3,120,96,0,P2,3.12.10,4,12,1,v2,2.14.0+cu130,88.00380325317383
0.8651531951904119,0.871160758581452,,,,,,,d120_w96_k8x3_cv0.06,,0.06,cpu,cpu,v2a,,8,gp_kb,1200,300,96,3,120,96,0,P2,3.12.10,0,12,2,v2,2.14.0+cu130,0.20758962631225586
0.9990173565203412,1.04854656914673,0.2916666666666667,0.2777777777777778,0.3,0.15599527238934716,1.297222835940765,,d120_w96_k8x3_cv0.06,,0.06,cpu,cpu,v2a,"2.85**2 * Matern(length_scale=[100, 4.84, 100, 100, 100, 100, 100, 100, 100, 100, 100, 2.59, 12.8, 100, 100, 100, 100, 100, 16.9, 100, 100, 100, 100, 100, 17.3, 100, 10, 100, 100, 100, 100, 100, 100, ",8,gp_kb,1200,300,192,3,120,96,0,P2,3.12.10,1,12,2,v2,2.14.0+cu130,7.43691873550415
1.479545176707072,1.3607959821918696,0.3333333333333333,0.3333333333333333,0.3333333333333333,0.2966880428907054,1.543902337860828,,d120_w96_k8x3_cv0.06,,0.06,cpu,cpu,v2a,"0.814**2 * Matern(length_scale=[100, 100, 100, 0.52, 100, 0.157, 100, 100, 100, 100, 100, 100, 100, 100, 100, 100, 100, 100, 100, 100, 0.184, 100, 100, 100, 100, 100, 100, 100, 100, 100, 100, 100, 100",8,gp_kb,1200,300,288,3,120,96,0,P2,3.12.10,2,12,2,v2,2.14.0+cu130,34.72566843032837
2.0403679982120515,2.0603301331382773,0.1875,0.19444444444444445,0.18333333333333332,0.4759973263320146,1.7382334421003378,,d120_w96_k8x3_cv0.06,,0.06,cpu,cpu,v2a,"0.761**2 * Matern(length_scale=[100, 100, 96, 66.6, 100, 0.156, 100, 100, 100, 100, 100, 0.209, 100, 100, 83.9, 100, 100, 60.9, 68.7, 80.6, 0.201, 0.46, 100, 100, 92.4, 100, 100, 100, 0.297, 87.5, 100",8,gp_kb,1200,300,384,3,120,96,0,P2,3.12.10,3,12,2,v2,2.14.0+cu130,65.49145579338074
2.52280235101083,2.416745550475797,0.23958333333333334,0.3055555555555556,0.2,0.7144043681055691,1.9082817115300812,,d120_w96_k8x3_cv0.06,,0.06,cpu,cpu,v2a,"0.819**2 * Matern(length_scale=[71.4, 0.291, 0.329, 28.8, 100, 79.4, 100, 81, 100, 100, 100, 0.207, 100, 0.305, 0.301, 60.5, 100, 88.6, 30.7, 100, 100, 100, 100, 100, 35.1, 100, 100, 100, 0.526, 0.276",8,gp_kb,1200,300,480,3,120,96,0,P2,3.12.10,4,12,2,v2,2.14.0+cu130,103.31981062889099
19.85340405869757,20.313584140615923,,,,,,,d120_w96_k8x3_cv0.06,,0.06,cpu,cpu,v2a,,8,gp_lp,1200,300,96,3,120,96,0,P2,3.12.10,0,10,0,v2,2.14.0+cu130,0.00018835067749023438
31.060341092306803,32.50158602903067,0.3333333333333333,0.4444444444444444,0.26666666666666666,2.8447304008363203,0.9668858564863214,,d120_w96_k8x3_cv0.06,,0.06,cpu,cpu,v2a,"1.37**2 * Matern(length_scale=[100, 100, 100, 100, 100, 100, 100, 100, 100, 100, 100, 100, 100, 100, 100, 100, 99.2, 100, 100, 100, 100, 100, 100, 1.88, 100, 100, 100, 100, 100, 100, 100, 100, 100, 10",8,gp_lp,1200,300,192,3,120,96,0,P2,3.12.10,1,10,0,v2,2.14.0+cu130,4.04661226272583
31.060341092306803,32.50158602903067,0.7708333333333334,0.75,0.7833333333333333,7.642764477144404,1.9990988762923914,,d120_w96_k8x3_cv0.06,,0.06,cpu,cpu,v2a,"0.852**2 * Matern(length_scale=[100, 100, 100, 44.2, 97.9, 100, 100, 41.6, 100, 100, 44.1, 100, 100, 100, 100, 35.6, 100, 100, 100, 78.5, 100, 100, 100, 100, 54, 0.0824, 100, 69.6, 100, 100, 100, 47.9",8,gp_lp,1200,300,288,3,120,96,0,P2,3.12.10,2,10,0,v2,2.14.0+cu130,15.047005891799927
31.060341092306803,32.50158602903067,0.9375,0.9444444444444444,0.9333333333333333,7.470078302499306,2.25395371237701,,d120_w96_k8x3_cv0.06,,0.06,cpu,cpu,v2a,"0.883**2 * Matern(length_scale=[100, 58.7, 100, 85.6, 100, 100, 100, 100, 100, 100, 100, 100, 61.4, 40, 100, 78, 100, 94.1, 100, 100, 66.6, 30.8, 26.7, 100, 100, 11.7, 100, 100, 100, 50.5, 41.5, 50.8,",8,gp_lp,1200,300,384,3,120,96,0,P2,3.12.10,3,10,0,v2,2.14.0+cu130,40.535752296447754
31.060341092306803,32.50158602903067,0.9479166666666666,0.8888888888888888,0.9833333333333333,6.764041842576017,2.2995955007302746,,d120_w96_k8x3_cv0.06,,0.06,cpu,cpu,v2a,"0.897**2 * Matern(length_scale=[100, 100, 100, 53.2, 100, 100, 100, 78.9, 100, 100, 100, 100, 100, 0.0982, 100, 64.8, 100, 100, 100, 100, 59.2, 100, 100, 100, 100, 100, 100, 100, 100, 90.4, 100, 0.321",8,gp_lp,1200,300,480,3,120,96,0,P2,3.12.10,4,10,0,v2,2.14.0+cu130,94.07996797561646
0.6336439165530722,0.6783048606990572,,,,,,,d120_w96_k8x3_cv0.06,,0.06,cpu,cpu,v2a,,8,gp_bo_lp,1200,300,96,3,120,96,0,P2,3.12.10,0,12,1,v2,2.14.0+cu130,0.21694421768188477
1.5316065953081104,1.436139077310481,0.020833333333333332,0.05555555555555555,0.0,0.15818238106981752,1.480585827849777,,d120_w96_k8x3_cv0.06,,0.06,cpu,cpu,v2a,,8,gp_bo_lp,1200,300,192,3,120,96,0,P2,3.12.10,1,12,1,v2,2.14.0+cu130,3.292884349822998
1.5316065953081104,1.436139077310481,0.9166666666666666,0.9166666666666666,0.9166666666666666,0.44009287164508004,2.5341720583801806,,d120_w96_k8x3_cv0.06,,0.06,cpu,cpu,v2a,,8,gp_bo_lp,1200,300,288,3,120,96,0,P2,3.12.10,2,12,1,v2,2.14.0+cu130,2.7087838649749756
1.5316065953081104,1.436139077310481,0.84375,0.8055555555555556,0.8666666666666667,0.429164182544179,2.5032888361601087,,d120_w96_k8x3_cv0.06,,0.06,cpu,cpu,v2a,,8,gp_bo_lp,1200,300,384,3,120,96,0,P2,3.12.10,3,12,1,v2,2.14.0+cu130,11.070926666259766
1.5316065953081104,1.436139077310481,0.9270833333333334,0.9722222222222222,0.9,0.3872491806344847,2.5212340152722037,,d120_w96_k8x3_cv0.06,,0.06,cpu,cpu,v2a,,8,gp_bo_lp,1200,300,480,3,120,96,0,P2,3.12.10,4,12,1,v2,2.14.0+cu130,1.3861658573150635
28.373114454920835,29.365590114191274,,,,,,,d120_w96_k8x3_cv0.06,,0.06,cpu,cpu,v2a,,8,gp_bo_lp,1200,300,96,3,120,96,0,P2,3.12.10,0,10,2,v2,2.14.0+cu130,0.6078636646270752
51.94296069150494,51.11429297200528,0.052083333333333336,0.1111111111111111,0.016666666666666666,6.749648222585294,1.4348093226235472,,d120_w96_k8x3_cv0.06,,0.06,cpu,cpu,v2a,,8,gp_bo_lp,1200,300,192,3,120,96,0,P2,3.12.10,1,10,2,v2,2.14.0+cu130,2.630610704421997
61.53356990112311,57.008174122659334,0.6979166666666666,0.7222222222222222,0.6833333333333333,20.112639634376386,2.353606761533791,,d120_w96_k8x3_cv0.06,,0.06,cpu,cpu,v2a,,8,gp_bo_lp,1200,300,288,3,120,96,0,P2,3.12.10,2,10,2,v2,2.14.0+cu130,1.9012212753295898
61.53356990112311,57.008174122659334,0.78125,0.8888888888888888,0.7166666666666667,23.47426529089083,2.3703768292328267,,d120_w96_k8x3_cv0.06,,0.06,cpu,cpu,v2a,,8,gp_bo_lp,1200,300,384,3,120,96,0,P2,3.12.10,3,10,2,v2,2.14.0+cu130,10.657127857208252
68.28339834367782,64.71248687446831,0.8541666666666666,0.9166666666666666,0.8166666666666667,24.135100970440515,2.3759129601200817,,d120_w96_k8x3_cv0.06,,0.06,cpu,cpu,v2a,,8,gp_bo_lp,1200,300,480,3,120,96,0,P2,3.12.10,4,10,2,v2,2.14.0+cu130,24.783116340637207
0.6744078097484498,0.6497177820663859,,,,,,,d120_w96_k8x3_cv0.06,,0.06,cpu,cpu,v2a,,8,gp_kb,1200,300,96,3,120,96,0,P2,3.12.10,0,11,0,v2,2.14.0+cu130,0.1848430633544922
0.6744078097484498,0.6497177820663859,0.125,0.1111111111111111,0.13333333333333333,0.11995822853430589,1.36114061036042,,d120_w96_k8x3_cv0.06,,0.06,cpu,cpu,v2a,"2.33**2 * Matern(length_scale=[100, 12.1, 100, 100, 100, 100, 100, 100, 100, 100, 14.7, 100, 100, 6.61, 100, 100, 100, 17.5, 100, 100, 100, 100, 100, 100, 100, 100, 100, 13.2, 100, 100, 100, 100, 100,",8,gp_kb,1200,300,192,3,120,96,0,P2,3.12.10,1,11,0,v2,2.14.0+cu130,5.70122504234314
0.6744078097484498,0.6497177820663859,0.46875,0.3888888888888889,0.5166666666666667,0.21883457288568411,2.2448952882908957,,d120_w96_k8x3_cv0.06,,0.06,cpu,cpu,v2a,"0.928**2 * Matern(length_scale=[100, 100, 53.3, 100, 100, 37.8, 0.0848, 100, 51.8, 100, 100, 100, 43.3, 100, 100, 100, 100, 49.6, 100, 100, 100, 0.508, 100, 0.0577, 79, 100, 100, 100, 100, 100, 83.8, ",8,gp_kb,1200,300,288,3,120,96,0,P2,3.12.10,2,11,0,v2,2.14.0+cu130,28.037643432617188
1.2636557454450608,1.2244619210842174,0.4479166666666667,0.5,0.4166666666666667,0.22969067877152974,2.267976960238522,,d120_w96_k8x3_cv0.06,,0.06,cpu,cpu,v2a,"0.985**2 * Matern(length_scale=[100, 100, 100, 100, 100, 100, 100, 100, 100, 100, 100, 97, 100, 100, 100, 100, 0.168, 100, 100, 100, 100, 100, 100, 82.1, 100, 100, 100, 0.0151, 100, 100, 100, 100, 100",8,gp_kb,1200,300,384,3,120,96,0,P2,3.12.10,3,11,0,v2,2.14.0+cu130,53.34019589424133
1.2636557454450608,1.2244619210842174,0.7395833333333334,0.75,0.7333333333333333,0.28961636277364633,2.5590332570417997,,d120_w96_k8x3_cv0.06,,0.06,cpu,cpu,v2a,"1.01**2 * Matern(length_scale=[100, 86.5, 100, 100, 100, 34.7, 92.3, 100, 100, 100, 93.8, 100, 100, 100, 19.2, 68.4, 100, 100, 58.2, 100, 100, 100, 95.2, 100, 98.9, 100, 100, 0.0189, 100, 100, 48.1, 1",8,gp_kb,1200,300,480,3,120,96,0,P2,3.12.10,4,11,0,v2,2.14.0+cu130,157.53902292251587
0.8651531951904119,0.871160758581452,,,,,,,d120_w96_k8x3_cv0.06,,0.06,cpu,cpu,v2a,,8,gp_bo_lp,1200,300,96,3,120,96,0,P2,3.12.10,0,12,2,v2,2.14.0+cu130,0.20912504196166992
1.1578511563952103,1.1742702433915113,0.3125,0.2222222222222222,0.36666666666666664,0.20442167182359838,1.6999262656428409,,d120_w96_k8x3_cv0.06,,0.06,cpu,cpu,v2a,,8,gp_bo_lp,1200,300,192,3,120,96,0,P2,3.12.10,1,12,2,v2,2.14.0+cu130,2.461050510406494
2.5730976364360325,2.4904931648868196,0.6979166666666666,0.6388888888888888,0.7333333333333333,0.49478997618531784,2.4599328068392747,,d120_w96_k8x3_cv0.06,,0.06,cpu,cpu,v2a,,8,gp_bo_lp,1200,300,288,3,120,96,0,P2,3.12.10,2,12,2,v2,2.14.0+cu130,0.311814546585083
2.5730976364360325,2.4904931648868196,0.6666666666666666,0.5555555555555556,0.7333333333333333,0.6550769423955026,2.190610302911735,,d120_w96_k8x3_cv0.06,,0.06,cpu,cpu,v2a,,8,gp_bo_lp,1200,300,384,3,120,96,0,P2,3.12.10,3,12,2,v2,2.14.0+cu130,8.462376832962036
2.5730976364360325,2.4904931648868196,0.8645833333333334,0.8611111111111112,0.8666666666666667,0.7657974473360523,2.493432992950011,,d120_w96_k8x3_cv0.06,,0.06,cpu,cpu,v2a,,8,gp_bo_lp,1200,300,480,3,120,96,0,P2,3.12.10,4,12,2,v2,2.14.0+cu130,12.637444734573364
12.871997329223403,13.444472235990638,,,,,,,d120_w96_k8x3_cv0.06,,0.06,cpu,cpu,v2a,,8,gp_bo_lp,1200,300,96,3,120,96,0,P2,3.12.10,0,13,2,v2,2.14.0+cu130,0.2946627140045166
24.77341597639087,23.994119340498067,0.020833333333333332,0.05555555555555555,0.0,2.7968308351060185,1.2881513560029634,,d120_w96_k8x3_cv0.06,,0.06,cpu,cpu,v2a,,8,gp_bo_lp,1200,300,192,3,120,96,0,P2,3.12.10,1,13,2,v2,2.14.0+cu130,4.298444032669067
24.77341597639087,23.994119340498067,0.7083333333333334,0.6944444444444444,0.7166666666666667,7.599048065114762,2.3822981756805572,,d120_w96_k8x3_cv0.06,,0.06,cpu,cpu,v2a,,8,gp_bo_lp,1200,300,288,3,120,96,0,P2,3.12.10,2,13,2,v2,2.14.0+cu130,7.8174214363098145
24.77341597639087,23.994119340498067,0.8229166666666666,0.8055555555555556,0.8333333333333334,9.04271900102532,2.483498365678722,,d120_w96_k8x3_cv0.06,,0.06,cpu,cpu,v2a,,8,gp_bo_lp,1200,300,384,3,120,96,0,P2,3.12.10,3,13,2,v2,2.14.0+cu130,0.3730499744415283
24.77341597639087,23.994119340498067,0.9375,0.9166666666666666,0.95,9.067120733959639,2.4838276802801165,,d120_w96_k8x3_cv0.06,,0.06,cpu,cpu,v2a,,8,gp_bo_lp,1200,300,480,3,120,96,0,P2,3.12.10,4,13,2,v2,2.14.0+cu130,1.9130640029907227
28.373114454920835,29.365590114191274,,,,,,,d120_w96_k8x3_cv0.06,,0.06,cpu,cpu,v2a,,8,gp_lp,1200,300,96,3,120,96,0,P2,3.12.10,0,10,2,v2,2.14.0+cu130,0.616624116897583
52.47169049843062,51.11429297200528,0.28125,0.19444444444444445,0.3333333333333333,4.711374255564175,1.0015223729189882,,d120_w96_k8x3_cv0.06,,0.06,cpu,cpu,v2a,"1.02**2 * Matern(length_scale=[100, 100, 8.03, 2.16, 1.94, 100, 100, 100, 1.26, 100, 100, 100, 100, 100, 100, 100, 100, 100, 100, 100, 100, 100, 100, 100, 100, 100, 100, 100, 100, 100, 100, 100, 100, ",8,gp_lp,1200,300,192,3,120,96,0,P2,3.12.10,1,10,2,v2,2.14.0+cu130,3.6095566749572754
57.393309640974195,57.008174122659334,0.4583333333333333,0.5277777777777778,0.4166666666666667,11.388308936165837,1.4247253588447966,,d120_w96_k8x3_cv0.06,,0.06,cpu,cpu,v2a,"0.77**2 * Matern(length_scale=[100, 100, 100, 100, 100, 100, 100, 100, 100, 100, 100, 100, 100, 100, 100, 100, 100, 100, 100, 100, 100, 100, 100, 74.1, 100, 100, 100, 100, 100, 100, 100, 100, 100, 100",8,gp_lp,1200,300,288,3,120,96,0,P2,3.12.10,2,10,2,v2,2.14.0+cu130,28.71793270111084
57.393309640974195,57.008174122659334,0.7708333333333334,0.8055555555555556,0.75,16.521644866571673,1.7966159405157547,,d120_w96_k8x3_cv0.06,,0.06,cpu,cpu,v2a,"0.744**2 * Matern(length_scale=[80.3, 97.9, 0.393, 100, 100, 100, 98.4, 100, 54.2, 72.3, 0.146, 100, 100, 100, 100, 61.9, 66.1, 100, 100, 100, 100, 33.2, 0.258, 100, 100, 100, 100, 100, 100, 100, 100,",8,gp_lp,1200,300,384,3,120,96,0,P2,3.12.10,3,10,2,v2,2.14.0+cu130,52.8243203163147
57.393309640974195,57.008174122659334,0.8020833333333334,0.9166666666666666,0.7333333333333333,16.52193636553567,1.646481779986253,,d120_w96_k8x3_cv0.06,,0.06,cpu,cpu,v2a,"0.672**2 * Matern(length_scale=[100, 100, 100, 100, 100, 100, 100, 100, 100, 100, 0.238, 100, 100, 100, 100, 76.1, 100, 100, 78, 100, 100, 75.4, 89.9, 82.2, 100, 100, 100, 100, 0.276, 100, 100, 100, 1",8,gp_lp,1200,300,480,3,120,96,0,P2,3.12.10,4,10,2,v2,2.14.0+cu130,86.42438077926636
0.8941241911247243,0.9013523133505106,,,,,,,d120_w96_k8x3_cv0.06,,0.06,cpu,cpu,v2a,,8,gp_bo_lp,1200,300,96,3,120,96,0,P2,3.12.10,0,12,0,v2,2.14.0+cu130,0.22453927993774414
1.7325232844627398,1.883025994903619,0.03125,0.0,0.05,0.20700733726937615,1.5041073715061528,,d120_w96_k8x3_cv0.06,,0.06,cpu,cpu,v2a,,8,gp_bo_lp,1200,300,192,3,120,96,0,P2,3.12.10,1,12,0,v2,2.14.0+cu130,4.312673568725586
1.7325232844627398,1.883025994903619,0.8229166666666666,0.8333333333333334,0.8166666666666667,0.6145473268002958,2.463450708450707,,d120_w96_k8x3_cv0.06,,0.06,cpu,cpu,v2a,,8,gp_bo_lp,1200,300,288,3,120,96,0,P2,3.12.10,2,12,0,v2,2.14.0+cu130,0.3313777446746826
2.1948922965122124,2.1806964285383885,0.78125,0.7777777777777778,0.7833333333333333,0.5641116733950478,2.436430604716474,,d120_w96_k8x3_cv0.06,,0.06,cpu,cpu,v2a,,8,gp_bo_lp,1200,300,384,3,120,96,0,P2,3.12.10,3,12,0,v2,2.14.0+cu130,12.50494122505188
2.5867982136389047,2.687096975648493,0.6458333333333334,0.8055555555555556,0.55,0.9093664616751994,2.065271111479228,,d120_w96_k8x3_cv0.06,,0.06,cpu,cpu,v2a,,8,gp_bo_lp,1200,300,480,3,120,96,0,P2,3.12.10,4,12,0,v2,2.14.0+cu130,27.29204297065735
0.8941241911247243,0.9013523133505106,,,,,,,d120_w96_k8x3_cv0.06,,0.06,cpu,cpu,v2a,,8,gp_kb,1200,300,96,3,120,96,0,P2,3.12.10,0,12,0,v2,2.14.0+cu130,0.19424152374267578
1.8797250509616763,1.883025994903619,0.16666666666666666,0.1111111111111111,0.2,0.1722067988246371,1.2512479941643682,,d120_w96_k8x3_cv0.06,,0.06,cpu,cpu,v2a,"2.85**2 * Matern(length_scale=[8.67, 2.8, 100, 1.51, 3.09, 100, 100, 100, 100, 100, 100, 3.68, 20.8, 100, 100, 100, 100, 100, 100, 100, 100, 100, 100, 100, 100, 100, 100, 100, 100, 1.31, 100, 100, 100",8,gp_kb,1200,300,192,3,120,96,0,P2,3.12.10,1,12,0,v2,2.14.0+cu130,15.79536771774292
2.0624167520012566,2.0561628042045568,0.6354166666666666,0.75,0.5666666666666667,0.4651418681276116,1.605035532877002,,d120_w96_k8x3_cv0.06,,0.06,cpu,cpu,v2a,"0.691**2 * Matern(length_scale=[100, 100, 100, 100, 100, 100, 100, 100, 100, 100, 100, 74.7, 100, 100, 100, 100, 100, 100, 100, 100, 100, 100, 100, 100, 100, 100, 100, 100, 100, 100, 100, 100, 100, 10",8,gp_kb,1200,300,288,3,120,96,0,P2,3.12.10,2,12,0,v2,2.14.0+cu130,22.345809936523438
2.8357683804802534,2.6981108161484513,0.375,0.4166666666666667,0.35,0.501075398305105,1.25037782871846,,d120_w96_k8x3_cv0.06,,0.06,cpu,cpu,v2a,"0.547**2 * Matern(length_scale=[100, 100, 100, 100, 100, 100, 100, 100, 58.6, 100, 100, 36.7, 100, 100, 100, 100, 100, 100, 100, 100, 100, 100, 100, 100, 46.1, 0.668, 100, 100, 100, 100, 100, 100, 56.",8,gp_kb,1200,300,384,3,120,96,0,P2,3.12.10,3,12,0,v2,2.14.0+cu130,51.301149129867554
2.8357683804802534,2.7254630029259515,0.3229166666666667,0.3888888888888889,0.2833333333333333,0.6751933396674784,1.2740137485561085,,d120_w96_k8x3_cv0.06,,0.06,cpu,cpu,v2a,"0.702**2 * Matern(length_scale=[100, 98.2, 100, 100, 100, 91.8, 100, 100, 100, 100, 100, 65.4, 100, 0.768, 100, 100, 46.5, 31.7, 100, 100, 100, 100, 66.5, 83.9, 89.8, 100, 100, 0.245, 100, 100, 0.742,",8,gp_kb,1200,300,480,3,120,96,0,P2,3.12.10,4,12,0,v2,2.14.0+cu130,165.03360652923584
0.5925264545102537,0.5522428470437529,,,,,,,d120_w96_k8x3_cv0.06,,0.06,cpu,cpu,v2a,,8,gp_bo_lp,1200,300,96,3,120,96,0,P2,3.12.10,0,11,2,v2,2.14.0+cu130,0.19991803169250488
0.7858492235188878,0.8623032431065181,0.28125,0.3888888888888889,0.21666666666666667,0.10281906748146823,1.2453957468953327,,d120_w96_k8x3_cv0.06,,0.06,cpu,cpu,v2a,,8,gp_bo_lp,1200,300,192,3,120,96,0,P2,3.12.10,1,11,2,v2,2.14.0+cu130,10.413182020187378
0.7858492235188878,0.8623032431065181,0.6979166666666666,0.6666666666666666,0.7166666666666667,0.2125423052572506,1.9500346356685365,,d120_w96_k8x3_cv0.06,,0.06,cpu,cpu,v2a,,8,gp_bo_lp,1200,300,288,3,120,96,0,P2,3.12.10,2,11,2,v2,2.14.0+cu130,8.462666034698486
1.1382574101599787,1.151928768687031,0.7604166666666666,0.7222222222222222,0.7833333333333333,0.28066739580607875,2.39778096268886,,d120_w96_k8x3_cv0.06,,0.06,cpu,cpu,v2a,,8,gp_bo_lp,1200,300,384,3,120,96,0,P2,3.12.10,3,11,2,v2,2.14.0+cu130,12.300535440444946
1.4101790742777363,1.3843283968082534,0.7708333333333334,0.7777777777777778,0.7666666666666667,0.3742827213782059,2.3701329124303383,,d120_w96_k8x3_cv0.06,,0.06,cpu,cpu,v2a,,8,gp_bo_lp,1200,300,480,3,120,96,0,P2,3.12.10,4,11,2,v2,2.14.0+cu130,23.567214965820312
15.13468007818145,16.749749217128766,,,,,,,d120_w96_k8x3_cv0.06,,0.06,cpu,cpu,v2a,,8,gp_bo_lp,1200,300,96,3,120,96,0,P2,3.12.10,0,10,1,v2,2.14.0+cu130,0.4023098945617676
35.536993209548925,35.07103396929687,0.041666666666666664,0.08333333333333333,0.016666666666666666,3.941264425245548,1.635721233691492,,d120_w96_k8x3_cv0.06,,0.06,cpu,cpu,v2a,,8,gp_bo_lp,1200,300,192,3,120,96,0,P2,3.12.10,1,10,1,v2,2.14.0+cu130,4.492550849914551
39.115314226685214,37.12680703220235,0.4166666666666667,0.4166666666666667,0.4166666666666667,6.342695624079077,1.8213618430685559,,d120_w96_k8x3_cv0.06,,0.06,cpu,cpu,v2a,,8,gp_bo_lp,1200,300,288,3,120,96,0,P2,3.12.10,2,10,1,v2,2.14.0+cu130,3.693122625350952
40.30470127508407,39.841864052750836,0.6875,0.8055555555555556,0.6166666666666667,12.054505501568665,2.302093250169281,,d120_w96_k8x3_cv0.06,,0.06,cpu,cpu,v2a,,8,gp_bo_lp,1200,300,384,3,120,96,0,P2,3.12.10,3,10,1,v2,2.14.0+cu130,31.87421679496765
40.30470127508407,39.841864052750836,0.6666666666666666,0.6388888888888888,0.6833333333333333,17.306022266338534,2.1648920227959234,,d120_w96_k8x3_cv0.06,,0.06,cpu,cpu,v2a,,8,gp_bo_lp,1200,300,480,3,120,96,0,P2,3.12.10,4,10,1,v2,2.14.0+cu130,35.32562828063965
8.331891678689887,9.808317567903892,,,,,,,d120_w96_k8x3_cv0.06,,0.06,cpu,cpu,v2a,,8,gp_bo_lp,1200,300,96,3,120,96,0,P2,3.12.10,0,14,0,v2,2.14.0+cu130,0.31488585472106934
26.79532431308922,25.499648900190692,0.0625,0.027777777777777776,0.08333333333333333,2.0887580896112907,1.471972597296602,,d120_w96_k8x3_cv0.06,,0.06,cpu,cpu,v2a,,8,gp_bo_lp,1200,300,192,3,120,96,0,P2,3.12.10,1,14,0,v2,2.14.0+cu130,3.095348834991455
26.79532431308922,25.499648900190692,0.7916666666666666,0.8333333333333334,0.7666666666666667,8.535586527535388,2.488134462801482,,d120_w96_k8x3_cv0.06,,0.06,cpu,cpu,v2a,,8,gp_bo_lp,1200,300,288,3,120,96,0,P2,3.12.10,2,14,0,v2,2.14.0+cu130,1.5516066551208496
56.989671327460925,56.14491148980314,0.6979166666666666,0.6944444444444444,0.7,7.505570055747458,2.3917327156869237,,d120_w96_k8x3_cv0.06,,0.06,cpu,cpu,v2a,,8,gp_bo_lp,1200,300,384,3,120,96,0,P2,3.12.10,3,14,0,v2,2.14.0+cu130,7.306255102157593
56.989671327460925,56.14491148980314,0.7708333333333334,0.7777777777777778,0.7666666666666667,10.129896001608406,1.7865097477875151,,d120_w96_k8x3_cv0.06,,0.06,cpu,cpu,v2a,,8,gp_bo_lp,1200,300,480,3,120,96,0,P2,3.12.10,4,14,0,v2,2.14.0+cu130,18.58171772956848
16.642176946943348,15.896948902128251,,,,,,,d120_w96_k8x3_cv0.06,,0.06,cpu,cpu,v2a,,8,gp_bo_lp,1200,300,96,3,120,96,0,P2,3.12.10,0,13,0,v2,2.14.0+cu130,0.3053140640258789
25.8774669685475,24.18393618790173,0.125,0.1388888888888889,0.11666666666666667,3.444480005263875,1.6613851895329699,,d120_w96_k8x3_cv0.06,,0.06,cpu,cpu,v2a,,8,gp_bo_lp,1200,300,192,3,120,96,0,P2,3.12.10,1,13,0,v2,2.14.0+cu130,3.543675184249878
27.277434668383783,26.592010434416522,0.8020833333333334,0.6388888888888888,0.9,10.099480654800992,2.359938785366775,,d120_w96_k8x3_cv0.06,,0.06,cpu,cpu,v2a,,8,gp_bo_lp,1200,300,288,3,120,96,0,P2,3.12.10,2,13,0,v2,2.14.0+cu130,4.779484510421753
27.277434668383783,26.592010434416522,0.5208333333333334,0.3888888888888889,0.6,11.534157067278057,2.0261066477146312,,d120_w96_k8x3_cv0.06,,0.06,cpu,cpu,v2a,,8,gp_bo_lp,1200,300,384,3,120,96,0,P2,3.12.10,3,13,0,v2,2.14.0+cu130,19.68983769416809
27.277434668383783,26.592010434416522,0.6145833333333334,0.5555555555555556,0.65,13.976918060469117,2.232902385513233,,d120_w96_k8x3_cv0.06,,0.06,cpu,cpu,v2a,,8,gp_bo_lp,1200,300,480,3,120,96,0,P2,3.12.10,4,13,0,v2,2.14.0+cu130,29.067325353622437
0.6744078097484494,0.6497177820663854,,,,,,,d120_w96_k8x3_cv0.06,,0.06,cpu,cpu,v2a,,8,gp_lp,1200,300,96,3,120,96,0,P2,3.12.10,0,11,0,v2,2.14.0+cu130,0.1921064853668213
0.7355990435864375,0.7601435945697336,0.020833333333333332,0.027777777777777776,0.016666666666666666,0.110336139782871,1.2519608073898831,,d120_w96_k8x3_cv0.06,,0.06,cpu,cpu,v2a,"2.33**2 * Matern(length_scale=[100, 12.1, 100, 100, 100, 100, 100, 100, 100, 100, 14.7, 100, 100, 6.6, 100, 100, 100, 17.5, 100, 100, 100, 100, 100, 100, 100, 100, 100, 13.2, 100, 100, 100, 100, 100, ",8,gp_lp,1200,300,192,3,120,96,0,P2,3.12.10,1,11,0,v2,2.14.0+cu130,4.638612985610962
0.7355990435864375,0.7601435945697336,0.7916666666666666,0.8055555555555556,0.7833333333333333,0.2633684842512114,2.311158890387058,,d120_w96_k8x3_cv0.06,,0.06,cpu,cpu,v2a,"0.887**2 * Matern(length_scale=[100, 63, 57.9, 100, 68.1, 36.1, 84.3, 100, 0.148, 49.4, 96, 55.3, 18.6, 89.8, 46.2, 65.9, 0.203, 100, 99.1, 72.7, 100, 100, 100, 31.5, 83.9, 100, 100, 63.4, 40.6, 84.2,",8,gp_lp,1200,300,288,3,120,96,0,P2,3.12.10,2,11,0,v2,2.14.0+cu130,28.078903198242188
0.7355990435864375,0.7601435945697336,0.8958333333333334,0.8611111111111112,0.9166666666666666,0.23448187545917473,2.388729782407876,,d120_w96_k8x3_cv0.06,,0.06,cpu,cpu,v2a,"0.92**2 * Matern(length_scale=[100, 74.5, 63, 100, 91, 100, 100, 83.4, 0.0615, 100, 100, 100, 100, 100, 100, 100, 0.0489, 24.1, 100, 88.5, 100, 78.1, 100, 100, 100, 87.2, 100, 100, 83.5, 100, 100, 100",8,gp_lp,1200,300,384,3,120,96,0,P2,3.12.10,3,11,0,v2,2.14.0+cu130,56.47716307640076
0.7355990435864375,0.7601435945697336,0.96875,0.9444444444444444,0.9833333333333333,0.2118619702274125,2.4204618536104068,,d120_w96_k8x3_cv0.06,,0.06,cpu,cpu,v2a,"0.931**2 * Matern(length_scale=[100, 100, 47.9, 53.2, 68.6, 46.4, 85.6, 100, 0.071, 42.9, 100, 63.1, 28.7, 66.1, 40, 51.6, 0.0656, 28.7, 100, 100, 100, 98.8, 100, 52.3, 81.5, 92.7, 100, 60.6, 41, 85.1",8,gp_lp,1200,300,480,3,120,96,0,P2,3.12.10,4,11,0,v2,2.14.0+cu130,95.92752766609192
20.203650433938055,19.951576062070053,,,,,,,d120_w96_k8x3_cv0.06,,0.06,cpu,cpu,v2a,,8,gp_bo_lp,1200,300,96,3,120,96,0,P2,3.12.10,0,14,2,v2,2.14.0+cu130,0.3446180820465088
25.912229848087613,26.589867087456188,0.10416666666666667,0.1111111111111111,0.1,3.570502572351295,1.3408730042814014,,d120_w96_k8x3_cv0.06,,0.06,cpu,cpu,v2a,,8,gp_bo_lp,1200,300,192,3,120,96,0,P2,3.12.10,1,14,2,v2,2.14.0+cu130,7.796022176742554
32.6775989687234,31.541405633287663,0.6041666666666666,0.5555555555555556,0.6333333333333333,12.30867922305633,2.124704871529188,,d120_w96_k8x3_cv0.06,,0.06,cpu,cpu,v2a,,8,gp_bo_lp,1200,300,288,3,120,96,0,P2,3.12.10,2,14,2,v2,2.14.0+cu130,3.5244429111480713
37.342384457086375,37.40263585699819,0.7708333333333334,0.8055555555555556,0.75,15.308542114106203,2.130706422073729,,d120_w96_k8x3_cv0.06,,0.06,cpu,cpu,v2a,,8,gp_bo_lp,1200,300,384,3,120,96,0,P2,3.12.10,3,14,2,v2,2.14.0+cu130,14.0043785572052
37.342384457086375,37.40263585699819,0.6354166666666666,0.6111111111111112,0.65,18.415947525750443,2.0951214086530032,,d120_w96_k8x3_cv0.06,,0.06,cpu,cpu,v2a,,8,gp_bo_lp,1200,300,480,3,120,96,0,P2,3.12.10,4,14,2,v2,2.14.0+cu130,14.29698657989502
20.35741142083781,23.836964720118825,,,,,,,d120_w96_k8x3_cv0.06,,0.06,cpu,cpu,v2a,,8,gp_kb,1200,300,96,3,120,96,0,P2,3.12.10,0,14,1,v2,2.14.0+cu130,0.40526461601257324
35.01827309228381,39.79293956745551,0.2708333333333333,0.3333333333333333,0.23333333333333334,2.735197230343308,1.071383273465784,,d120_w96_k8x3_cv0.06,,0.06,cpu,cpu,v2a,"2.7**2 * Matern(length_scale=[100, 100, 100, 12.9, 5.7, 100, 100, 20.2, 100, 100, 100, 100, 1.75, 100, 100, 100, 100, 100, 100, 100, 6.31, 100, 100, 16.6, 100, 100, 100, 100, 20.7, 2.82, 100, 100, 100",8,gp_kb,1200,300,192,3,120,96,0,P2,3.12.10,1,14,1,v2,2.14.0+cu130,9.317198514938354
47.590338521073704,48.09276344959699,0.28125,0.25,0.3,7.889597813179864,1.2514723094707927,,d120_w96_k8x3_cv0.06,,0.06,cpu,cpu,v2a,"0.654**2 * Matern(length_scale=[100, 100, 100, 100, 100, 100, 100, 100, 100, 100, 100, 100, 25, 100, 100, 26.3, 100, 100, 0.513, 100, 100, 0.376, 100, 100, 100, 100, 100, 100, 100, 100, 100, 100, 70.5",8,gp_kb,1200,300,288,3,120,96,0,P2,3.12.10,2,14,1,v2,2.14.0+cu130,23.45378589630127
55.0946548489656,55.62188950747607,0.3958333333333333,0.3888888888888889,0.4,11.731314013369959,1.2827795711527747,,d120_w96_k8x3_cv0.06,,0.06,cpu,cpu,v2a,"0.682**2 * Matern(length_scale=[61.4, 100, 54.7, 100, 100, 100, 100, 0.891, 0.962, 100, 100, 100, 100, 94.7, 100, 100, 100, 100, 100, 100, 80.6, 100, 99.4, 100, 100, 46.1, 100, 100, 100, 100, 100, 100",8,gp_kb,1200,300,384,3,120,96,0,P2,3.12.10,3,14,1,v2,2.14.0+cu130,127.48718500137329
68.41826662406525,65.12523653054294,0.34375,0.4166666666666667,0.3,15.019069379386453,1.2310070717091397,,d120_w96_k8x3_cv0.06,,0.06,cpu,cpu,v2a,"0.742**2 * Matern(length_scale=[100, 100, 0.71, 100, 100, 100, 100, 100, 100, 0.306, 89.3, 73.4, 100, 100, 50.2, 94.7, 100, 100, 100, 100, 0.685, 100, 100, 100, 100, 100, 100, 100, 1.72, 100, 100, 3.3",8,gp_kb,1200,300,480,3,120,96,0,P2,3.12.10,4,14,1,v2,2.14.0+cu130,110.1704671382904
28.167887125666866,26.138401549019125,,,,,,,d120_w96_k8x3_cv0.06,,0.06,cpu,cpu,v2a,,8,gp_bo_lp,1200,300,96,3,120,96,0,P2,3.12.10,0,13,1,v2,2.14.0+cu130,0.3399670124053955
28.167887125666866,26.395640030416068,0.4479166666666667,0.4166666666666667,0.4666666666666667,3.949694998416838,1.3461949130183266,,d120_w96_k8x3_cv0.06,,0.06,cpu,cpu,v2a,,8,gp_bo_lp,1200,300,192,3,120,96,0,P2,3.12.10,1,13,1,v2,2.14.0+cu130,2.0858402252197266
28.167887125666866,26.395640030416068,0.6145833333333334,0.5555555555555556,0.65,13.429540766137604,2.201342448604951,,d120_w96_k8x3_cv0.06,,0.06,cpu,cpu,v2a,,8,gp_bo_lp,1200,300,288,3,120,96,0,P2,3.12.10,2,13,1,v2,2.14.0+cu130,7.022284746170044
34.913267109831956,34.71482988594742,0.6041666666666666,0.7777777777777778,0.5,14.720605552463851,2.244392656013687,,d120_w96_k8x3_cv0.06,,0.06,cpu,cpu,v2a,,8,gp_bo_lp,1200,300,384,3,120,96,0,P2,3.12.10,3,13,1,v2,2.14.0+cu130,20.372653245925903
40.41307037583633,37.2351482134283,0.8020833333333334,0.8333333333333334,0.7833333333333333,16.02012874721217,2.351582827129558,,d120_w96_k8x3_cv0.06,,0.06,cpu,cpu,v2a,,8,gp_bo_lp,1200,300,480,3,120,96,0,P2,3.12.10,4,13,1,v2,2.14.0+cu130,39.737369537353516
0.6336439165530722,0.6783048606990572,,,,,,,d120_w96_k8x3_cv0.06,,0.06,cpu,cpu,v2a,,8,gp_lp,1200,300,96,3,120,96,0,P2,3.12.10,0,12,1,v2,2.14.0+cu130,0.21628284454345703
1.5316065953081104,1.436139077310481,0.03125,0.05555555555555555,0.016666666666666666,0.10289442110776204,0.9630909626383661,,d120_w96_k8x3_cv0.06,,0.06,cpu,cpu,v2a,"2.67**2 * Matern(length_scale=[100, 100, 16.8, 100, 100, 100, 100, 100, 100, 100, 100, 100, 100, 100, 100, 100, 100, 50.7, 100, 100, 100, 100, 7.11, 100, 100, 10.7, 8.61, 100, 2.12, 100, 100, 100, 100",8,gp_lp,1200,300,192,3,120,96,0,P2,3.12.10,1,12,1,v2,2.14.0+cu130,5.092061281204224
1.5316065953081104,1.436139077310481,0.8333333333333334,0.8611111111111112,0.8166666666666667,0.36331945830319506,2.3171565520027904,,d120_w96_k8x3_cv0.06,,0.06,cpu,cpu,v2a,"0.956**2 * Matern(length_scale=[100, 100, 100, 100, 100, 100, 100, 100, 100, 100, 100, 100, 100, 100, 100, 83.4, 61.3, 100, 72.7, 100, 100, 100, 100, 100, 90.4, 79.9, 100, 100, 1.08, 100, 100, 100, 10",8,gp_lp,1200,300,288,3,120,96,0,P2,3.12.10,2,12,1,v2,2.14.0+cu130,30.361918449401855
1.5316065953081104,1.436139077310481,0.84375,0.8611111111111112,0.8333333333333334,0.35197338816071655,2.336309023759091,,d120_w96_k8x3_cv0.06,,0.06,cpu,cpu,v2a,"0.929**2 * Matern(length_scale=[78.7, 93.6, 100, 100, 38.2, 78.4, 84.1, 100, 84.4, 100, 100, 100, 81.3, 89.4, 100, 51.2, 83.9, 89.3, 100, 100, 100, 100, 100, 66.5, 83.7, 57.3, 100, 100, 85.6, 100, 100",8,gp_lp,1200,300,384,3,120,96,0,P2,3.12.10,3,12,1,v2,2.14.0+cu130,54.67944812774658
1.5316065953081104,1.436139077310481,0.7708333333333334,0.8333333333333334,0.7333333333333333,0.3722735533424249,2.140517548026131,,d120_w96_k8x3_cv0.06,,0.06,cpu,cpu,v2a,"0.841**2 * Matern(length_scale=[100, 0.0914, 100, 0.213, 54.3, 81.1, 100, 100, 100, 100, 100, 53.7, 62.7, 100, 100, 13, 76.1, 100, 0.126, 0.127, 85.3, 49.6, 54.1, 100, 94, 80.2, 97.1, 100, 52.4, 83.1,",8,gp_lp,1200,300,480,3,120,96,0,P2,3.12.10,4,12,1,v2,2.14.0+cu130,86.12937211990356
16.642176946943348,15.896948902128251,,,,,,,d120_w96_k8x3_cv0.06,,0.06,cpu,cpu,v2a,,8,gp_kb,1200,300,96,3,120,96,0,P2,3.12.10,0,13,0,v2,2.14.0+cu130,0.3487052917480469
23.893336517822167,24.18393618790173,0.4583333333333333,0.5,0.43333333333333335,2.8249358176766517,1.3625587960147425,,d120_w96_k8x3_cv0.06,,0.06,cpu,cpu,v2a,"1.93**2 * Matern(length_scale=[100, 100, 3.61, 10.9, 100, 100, 100, 100, 100, 100, 100, 100, 100, 3.03, 100, 100, 100, 100, 100, 100, 100, 100, 100, 100, 100, 100, 100, 1.25, 100, 100, 1.02, 100, 100,",8,gp_kb,1200,300,192,3,120,96,0,P2,3.12.10,1,13,0,v2,2.14.0+cu130,8.163918495178223
23.893336517822167,24.18393618790173,0.6666666666666666,0.8055555555555556,0.5833333333333334,5.3923081753051685,1.3757831588664393,,d120_w96_k8x3_cv0.06,,0.06,cpu,cpu,v2a,"0.535**2 * Matern(length_scale=[100, 94, 100, 100, 55.2, 100, 100, 100, 100, 98.1, 100, 100, 100, 100, 100, 100, 100, 0.777, 89.6, 35.5, 100, 100, 100, 32, 100, 100, 100, 100, 100, 100, 100, 100, 38.8",8,gp_kb,1200,300,288,3,120,96,0,P2,3.12.10,2,13,0,v2,2.14.0+cu130,28.427523851394653
30.847991502482408,29.40025237224948,0.20833333333333334,0.1111111111111111,0.26666666666666666,5.941582453775754,1.307019092568055,,d120_w96_k8x3_cv0.06,,0.06,cpu,cpu,v2a,"0.568**2 * Matern(length_scale=[100, 0.212, 100, 62, 100, 100, 100, 56.9, 100, 100, 100, 100, 100, 76.8, 22.4, 100, 42.9, 100, 100, 100, 100, 100, 100, 100, 100, 75.6, 100, 100, 47.6, 100, 71.7, 100, ",8,gp_kb,1200,300,384,3,120,96,0,P2,3.12.10,3,13,0,v2,2.14.0+cu130,66.12680268287659
33.68282819894013,33.70512952372735,0.25,0.3611111111111111,0.18333333333333332,9.131553979402144,1.2735540603607187,,d120_w96_k8x3_cv0.06,,0.06,cpu,cpu,v2a,"0.67**2 * Matern(length_scale=[100, 100, 100, 100, 100, 100, 100, 100, 0.514, 79, 100, 0.308, 0.611, 75, 100, 100, 100, 100, 0.562, 100, 0.505, 100, 100, 97.1, 100, 100, 0.631, 100, 100, 100, 0.976, 1",8,gp_kb,1200,300,480,3,120,96,0,P2,3.12.10,4,13,0,v2,2.14.0+cu130,188.34628891944885
12.871997329223403,13.444472235990638,,,,,,,d120_w96_k8x3_cv0.06,,0.06,cpu,cpu,v2a,,8,gp_lp,1200,300,96,3,120,96,0,P2,3.12.10,0,13,2,v2,2.14.0+cu130,0.33475327491760254
27.904090475509527,23.994119340498067,0.0,0.0,0.0,2.483665838434799,1.1439152763476834,,d120_w96_k8x3_cv0.06,,0.06,cpu,cpu,v2a,"1.75**2 * Matern(length_scale=[100, 6.04, 100, 100, 100, 100, 100, 100, 100, 100, 28.4, 100, 100, 100, 100, 100, 100, 100, 100, 100, 100, 100, 100, 100, 100, 100, 100, 0.43, 100, 100, 100, 100, 100, 1",8,gp_lp,1200,300,192,3,120,96,0,P2,3.12.10,1,13,2,v2,2.14.0+cu130,5.196330785751343
27.904090475509527,23.994119340498067,0.90625,0.8888888888888888,0.9166666666666666,6.770498183010273,2.151308452209364,,d120_w96_k8x3_cv0.06,,0.06,cpu,cpu,v2a,"0.854**2 * Matern(length_scale=[83.7, 57.7, 92.7, 100, 40.3, 75.4, 36.3, 47.3, 22, 100, 100, 100, 45.5, 31.9, 45.3, 20, 27.7, 100, 74.6, 100, 100, 86.5, 93.8, 100, 72.3, 0.307, 63.9, 20.3, 36.3, 100, ",8,gp_lp,1200,300,288,3,120,96,0,P2,3.12.10,2,13,2,v2,2.14.0+cu130,31.52484679222107
27.904090475509527,23.994119340498067,0.9791666666666666,1.0,0.9666666666666667,5.867101067387284,2.2303892506739746,,d120_w96_k8x3_cv0.06,,0.06,cpu,cpu,v2a,"0.868**2 * Matern(length_scale=[62, 58.8, 69.7, 44.3, 60.7, 21, 100, 20.8, 100, 59.9, 79.7, 36.2, 84.2, 75.2, 45.1, 100, 52.3, 100, 29.1, 29.8, 59.5, 73.5, 100, 67, 50.6, 67.5, 0.177, 55.1, 67.9, 41.4",8,gp_lp,1200,300,384,3,120,96,0,P2,3.12.10,3,13,2,v2,2.14.0+cu130,43.54660415649414
27.904090475509527,23.994119340498067,0.9583333333333334,1.0,0.9333333333333333,5.307625614837271,2.2571608547363837,,d120_w96_k8x3_cv0.06,,0.06,cpu,cpu,v2a,"0.879**2 * Matern(length_scale=[14.5, 39.8, 60.5, 30.4, 6.65, 20.7, 100, 100, 4.45, 28.3, 60.1, 25.4, 19.7, 9.08, 7.46, 16.7, 37.1, 60.7, 23.6, 100, 43, 26.6, 22.7, 41.1, 25.7, 7.4, 0.175, 67.4, 56.4,",8,gp_lp,1200,300,480,3,120,96,0,P2,3.12.10,4,13,2,v2,2.14.0+cu130,82.53186631202698
20.35741142083781,23.836964720118825,,,,,,,d120_w96_k8x3_cv0.06,,0.06,cpu,cpu,v2a,,8,gp_bo_lp,1200,300,96,3,120,96,0,P2,3.12.10,0,14,1,v2,2.14.0+cu130,0.3518655300140381
39.37786005847246,39.79293956745551,0.3125,0.2777777777777778,0.3333333333333333,3.6611924877932496,1.4340978225792995,,d120_w96_k8x3_cv0.06,,0.06,cpu,cpu,v2a,,8,gp_bo_lp,1200,300,192,3,120,96,0,P2,3.12.10,1,14,1,v2,2.14.0+cu130,4.073919057846069
46.64717368295945,52.22929590672363,0.22916666666666666,0.16666666666666666,0.26666666666666666,12.49326481877668,1.4967685507811992,,d120_w96_k8x3_cv0.06,,0.06,cpu,cpu,v2a,,8,gp_bo_lp,1200,300,288,3,120,96,0,P2,3.12.10,2,14,1,v2,2.14.0+cu130,4.863278388977051
52.71911056323354,52.22929590672363,0.7708333333333334,0.75,0.7833333333333333,23.794913256847654,2.287750753381014,,d120_w96_k8x3_cv0.06,,0.06,cpu,cpu,v2a,,8,gp_bo_lp,1200,300,384,3,120,96,0,P2,3.12.10,3,14,1,v2,2.14.0+cu130,28.089376211166382
52.71911056323354,52.54562489946551,0.8020833333333334,0.7777777777777778,0.8166666666666667,27.16632078005195,2.2524922674150067,,d120_w96_k8x3_cv0.06,,0.06,cpu,cpu,v2a,,8,gp_bo_lp,1200,300,480,3,120,96,0,P2,3.12.10,4,14,1,v2,2.14.0+cu130,21.1925048828125
15.13468007818145,16.749749217128766,,,,,,,d120_w96_k8x3_cv0.06,,0.06,cpu,cpu,v2a,,8,gp_lp,1200,300,96,3,120,96,0,P2,3.12.10,0,10,1,v2,2.14.0+cu130,0.4042856693267822
35.49306224483882,35.07103396929687,0.2604166666666667,0.3055555555555556,0.23333333333333334,4.307542877851971,1.787735759419403,,d120_w96_k8x3_cv0.06,,0.06,cpu,cpu,v2a,"0.984**2 * Matern(length_scale=[100, 100, 100, 100, 100, 100, 100, 100, 100, 100, 100, 100, 100, 100, 100, 100, 100, 100, 100, 100, 100, 100, 100, 100, 100, 0.139, 100, 100, 0.2, 100, 100, 100, 100, 1",8,gp_lp,1200,300,192,3,120,96,0,P2,3.12.10,1,10,1,v2,2.14.0+cu130,3.6184499263763428
35.49306224483882,35.07103396929687,0.8958333333333334,0.9444444444444444,0.8666666666666667,8.874365594459695,2.3580352253218773,,d120_w96_k8x3_cv0.06,,0.06,cpu,cpu,v2a,"0.992**2 * Matern(length_scale=[100, 100, 100, 97.4, 0.329, 100, 100, 100, 100, 100, 99.2, 100, 100, 100, 100, 100, 100, 84.4, 100, 100, 100, 100, 100, 100, 100, 92.2, 73.5, 100, 100, 63, 100, 100, 10",8,gp_lp,1200,300,288,3,120,96,0,P2,3.12.10,2,10,1,v2,2.14.0+cu130,72.98491072654724
37.69232296320801,37.4429490309569,0.7083333333333334,0.7777777777777778,0.6666666666666666,7.125003235797922,1.7419140855388995,,d120_w96_k8x3_cv0.06,,0.06,cpu,cpu,v2a,"0.803**2 * Matern(length_scale=[100, 100, 100, 100, 100, 100, 100, 100, 100, 100, 100, 100, 100, 100, 100, 100, 100, 100, 100, 100, 100, 100, 100, 100, 100, 100, 100, 100, 100, 100, 100, 100, 100, 100",8,gp_lp,1200,300,384,3,120,96,0,P2,3.12.10,3,10,1,v2,2.14.0+cu130,53.7172966003418
37.69232296320801,37.4429490309569,0.9479166666666666,0.9444444444444444,0.95,7.737254724663391,1.5926539768451755,,d120_w96_k8x3_cv0.06,,0.06,cpu,cpu,v2a,"0.619**2 * Matern(length_scale=[100, 52.8, 100, 100, 100, 85.5, 87.7, 100, 97, 80.4, 31, 100, 57.9, 64.3, 54.6, 100, 100, 56.9, 0.101, 100, 100, 100, 100, 100, 34, 100, 100, 100, 46.4, 100, 100, 56.4,",8,gp_lp,1200,300,480,3,120,96,0,P2,3.12.10,4,10,1,v2,2.14.0+cu130,110.4199903011322
8.33189167868989,9.808317567903897,,,,,,,d120_w96_k8x3_cv0.06,,0.06,cpu,cpu,v2a,,8,gp_kb,1200,300,96,3,120,96,0,P2,3.12.10,0,14,0,v2,2.14.0+cu130,0.25396156311035156
21.23896808674872,18.48516237678226,0.2916666666666667,0.1388888888888889,0.38333333333333336,2.0116574514275594,1.4176388631964194,,d120_w96_k8x3_cv0.06,,0.06,cpu,cpu,v2a,"1.04**2 * Matern(length_scale=[100, 100, 100, 100, 100, 100, 100, 100, 100, 100, 100, 100, 100, 100, 100, 100, 100, 100, 100, 0.509, 100, 100, 100, 100, 100, 100, 100, 100, 100, 100, 100, 100, 100, 10",8,gp_kb,1200,300,192,3,120,96,0,P2,3.12.10,1,14,0,v2,2.14.0+cu130,2.2386081218719482
43.70386748099158,42.95488788654468,0.7395833333333334,0.8055555555555556,0.7,5.022402154477965,1.8480777026971873,,d120_w96_k8x3_cv0.06,,0.06,cpu,cpu,v2a,"0.706**2 * Matern(length_scale=[28.8, 13.7, 100, 100, 100, 27.4, 67, 3.81, 22.7, 100, 100, 100, 60.1, 38.4, 100, 20.7, 30.2, 18.4, 42.6, 50.4, 18.8, 21.3, 16.9, 8.39, 39.6, 48.1, 32.8, 23.2, 26.7, 100",8,gp_kb,1200,300,288,3,120,96,0,P2,3.12.10,2,14,0,v2,2.14.0+cu130,49.74450397491455
59.996330658464316,56.95615706695001,0.53125,0.5833333333333334,0.5,8.956831027095147,2.136554812241811,,d120_w96_k8x3_cv0.06,,0.06,cpu,cpu,v2a,"0.894**2 * Matern(length_scale=[100, 100, 100, 100, 100, 100, 100, 100, 100, 0.242, 100, 100, 100, 76.6, 77.9, 100, 100, 100, 100, 100, 100, 100, 100, 100, 100, 100, 100, 100, 100, 100, 88.1, 81.4, 10",8,gp_kb,1200,300,384,3,120,96,0,P2,3.12.10,3,14,0,v2,2.14.0+cu130,73.819753408432
61.47134318947323,59.88125062842464,0.16666666666666666,0.1388888888888889,0.18333333333333332,10.126083942549757,1.0027795931257564,,d120_w96_k8x3_cv0.06,,0.06,cpu,cpu,v2a,"0.596**2 * Matern(length_scale=[100, 100, 100, 100, 0.613, 94.3, 100, 100, 0.604, 0.447, 100, 100, 100, 100, 100, 100, 100, 100, 100, 100, 100, 100, 100, 100, 2.63, 100, 100, 100, 100, 100, 100, 100, ",8,gp_kb,1200,300,480,3,120,96,0,P2,3.12.10,4,14,0,v2,2.14.0+cu130,168.7611334323883
20.203650433938165,19.95157606207016,,,,,,,d120_w96_k8x3_cv0.06,,0.06,cpu,cpu,v2a,,8,gp_kb,1200,300,96,3,120,96,0,P2,3.12.10,0,14,2,v2,2.14.0+cu130,0.42736172676086426
22.103180660511462,23.14384495820046,0.28125,0.25,0.3,3.3840409290223,1.2708488609549866,,d120_w96_k8x3_cv0.06,,0.06,cpu,cpu,v2a,"2.36**2 * Matern(length_scale=[100, 100, 100, 100, 100, 100, 43.4, 100, 100, 100, 100, 100, 100, 100, 100, 100, 100, 100, 100, 100, 100, 100, 100, 100, 18.4, 100, 100, 100, 100, 100, 100, 100, 5.07, 2",8,gp_kb,1200,300,192,3,120,96,0,P2,3.12.10,1,14,2,v2,2.14.0+cu130,6.174422264099121
26.127765625984324,26.28015435305324,0.3958333333333333,0.4444444444444444,0.36666666666666664,5.320065328892299,1.1104016878275127,,d120_w96_k8x3_cv0.06,,0.06,cpu,cpu,v2a,"0.666**2 * Matern(length_scale=[100, 100, 100, 100, 98.9, 100, 100, 100, 1.38, 100, 100, 98.8, 100, 0.108, 100, 100, 100, 100, 100, 100, 100, 100, 100, 100, 100, 100, 100, 100, 100, 100, 100, 92.2, 10",8,gp_kb,1200,300,288,3,120,96,0,P2,3.12.10,2,14,2,v2,2.14.0+cu130,38.202555418014526
35.509451051828826,33.673703854431636,0.22916666666666666,0.3055555555555556,0.18333333333333332,6.245882438307234,1.1088863279722756,,d120_w96_k8x3_cv0.06,,0.06,cpu,cpu,v2a,"0.669**2 * Matern(length_scale=[100, 100, 100, 100, 100, 100, 0.673, 0.406, 74.7, 100, 100, 100, 100, 100, 100, 100, 100, 0.222, 81.4, 100, 100, 45.7, 100, 100, 100, 100, 100, 100, 98.2, 100, 100, 100",8,gp_kb,1200,300,384,3,120,96,0,P2,3.12.10,3,14,2,v2,2.14.0+cu130,112.52813076972961
35.57595471435738,35.68121006667323,0.22916666666666666,0.2222222222222222,0.23333333333333334,10.468729234126855,1.3143282765884117,,d120_w96_k8x3_cv0.06,,0.06,cpu,cpu,v2a,"0.744**2 * Matern(length_scale=[100, 84.5, 100, 100, 0.506, 100, 100, 0.306, 100, 1.06, 100, 100, 1.98, 0.347, 100, 100, 100, 0.641, 100, 100, 1.19, 100, 100, 100, 100, 100, 0.55, 0.511, 100, 100, 2.0",8,gp_kb,1200,300,480,3,120,96,0,P2,3.12.10,4,14,2,v2,2.14.0+cu130,154.45576095581055
16.642176946943348,15.896948902128251,,,,,,,d120_w96_k8x3_cv0.06,,0.06,cpu,cpu,v2a,,8,gp_lp,1200,300,96,3,120,96,0,P2,3.12.10,0,13,0,v2,2.14.0+cu130,0.34715867042541504
25.8774669685475,24.18393618790173,0.4375,0.5,0.4,2.2142278487675457,1.0679943993206698,,d120_w96_k8x3_cv0.06,,0.06,cpu,cpu,v2a,"1.93**2 * Matern(length_scale=[100, 100, 3.61, 10.9, 100, 100, 100, 100, 100, 100, 100, 100, 100, 3.03, 100, 100, 100, 100, 100, 100, 100, 100, 100, 100, 100, 100, 100, 1.25, 100, 100, 1.02, 100, 100,",8,gp_lp,1200,300,192,3,120,96,0,P2,3.12.10,1,13,0,v2,2.14.0+cu130,16.94322180747986
27.746568513531532,29.990855715312733,0.8125,0.75,0.85,5.0611280251739625,1.3708466498048277,,d120_w96_k8x3_cv0.06,,0.06,cpu,cpu,v2a,"0.572**2 * Matern(length_scale=[100, 100, 69.4, 100, 100, 100, 100, 100, 100, 0.0732, 100, 100, 100, 100, 100, 100, 100, 100, 100, 100, 100, 100, 0.0764, 100, 100, 100, 100, 66.7, 100, 100, 100, 100, ",8,gp_lp,1200,300,288,3,120,96,0,P2,3.12.10,2,13,0,v2,2.14.0+cu130,63.139657735824585
34.17050827482188,31.566160974326245,0.65625,0.6388888888888888,0.6666666666666666,4.457784026391568,1.0895664452165637,,d120_w96_k8x3_cv0.06,,0.06,cpu,cpu,v2a,"0.513**2 * Matern(length_scale=[77.4, 100, 100, 87.9, 98.8, 100, 94.7, 100, 100, 0.0753, 100, 100, 100, 59.6, 100, 83.8, 100, 100, 100, 100, 80.1, 0.294, 100, 88.3, 71, 100, 100, 100, 97.3, 100, 100, ",8,gp_lp,1200,300,384,3,120,96,0,P2,3.12.10,3,13,0,v2,2.14.0+cu130,52.47391366958618
34.17050827482188,33.35556546867383,0.17708333333333334,0.1388888888888889,0.2,5.010996883853394,0.7982106778257554,,d120_w96_k8x3_cv0.06,,0.06,cpu,cpu,v2a,"0.522**2 * Matern(length_scale=[100, 100, 100, 100, 100, 100, 100, 100, 100, 100, 100, 100, 0.262, 100, 100, 100, 100, 100, 100, 100, 100, 100, 100, 100, 100, 100, 100, 100, 100, 0.132, 100, 100, 100,",8,gp_lp,1200,300,480,3,120,96,0,P2,3.12.10,4,13,0,v2,2.14.0+cu130,69.338693857193
8.331891678689887,9.808317567903892,,,,,,,d120_w96_k8x3_cv0.06,,0.06,cpu,cpu,v2a,,8,gp_lp,1200,300,96,3,120,96,0,P2,3.12.10,0,14,0,v2,2.14.0+cu130,0.3177497386932373
26.79532431308922,25.499648900190692,0.020833333333333332,0.027777777777777776,0.016666666666666666,1.6792764337439507,1.1834060181746846,,d120_w96_k8x3_cv0.06,,0.06,cpu,cpu,v2a,"1.04**2 * Matern(length_scale=[100, 100, 100, 100, 100, 100, 100, 100, 100, 100, 100, 100, 100, 100, 100, 100, 100, 100, 100, 0.509, 100, 100, 100, 100, 100, 100, 100, 100, 100, 100, 100, 100, 100, 10",8,gp_lp,1200,300,192,3,120,96,0,P2,3.12.10,1,14,0,v2,2.14.0+cu130,3.730717182159424
51.18779855223655,45.17529917604879,0.6770833333333334,0.7222222222222222,0.65,7.860944513317474,2.0794675786033587,,d120_w96_k8x3_cv0.06,,0.06,cpu,cpu,v2a,"0.881**2 * Matern(length_scale=[100, 100, 100, 100, 56.4, 0.291, 100, 100, 100, 100, 100, 100, 100, 100, 100, 100, 100, 84, 100, 100, 100, 100, 100, 100, 100, 100, 100, 100, 71.9, 0.227, 100, 100, 100",8,gp_lp,1200,300,288,3,120,96,0,P2,3.12.10,2,14,0,v2,2.14.0+cu130,23.292988777160645
51.18779855223655,45.17529917604879,0.8958333333333334,0.9444444444444444,0.8666666666666667,9.332308676681063,1.500911392753478,,d120_w96_k8x3_cv0.06,,0.06,cpu,cpu,v2a,"0.595**2 * Matern(length_scale=[100, 100, 100, 0.0836, 87.3, 73.7, 100, 100, 100, 100, 100, 0.744, 100, 100, 100, 100, 100, 100, 59.3, 100, 100, 46.4, 100, 100, 100, 100, 100, 100, 76.7, 100, 100, 100",8,gp_lp,1200,300,384,3,120,96,0,P2,3.12.10,3,14,0,v2,2.14.0+cu130,69.99987077713013
51.18779855223655,45.17529917604879,0.8854166666666666,0.8888888888888888,0.8833333333333333,9.284223815360063,1.4101390155848543,,d120_w96_k8x3_cv0.06,,0.06,cpu,cpu,v2a,"0.528**2 * Matern(length_scale=[100, 100, 100, 0.0756, 100, 100, 100, 96.2, 81.4, 100, 100, 100, 100, 100, 100, 100, 100, 100, 100, 100, 100, 100, 100, 100, 100, 100, 100, 100, 100, 100, 100, 100, 100",8,gp_lp,1200,300,480,3,120,96,0,P2,3.12.10,4,14,0,v2,2.14.0+cu130,89.3542206287384
0.8651531951904115,0.8711607585814516,,,,,,,d120_w96_k8x3_cv0.06,,0.06,cpu,cpu,v2a,,8,gp_lp,1200,300,96,3,120,96,0,P2,3.12.10,0,12,2,v2,2.14.0+cu130,0.22275924682617188
1.0698035399743027,0.9981300473786507,0.23958333333333334,0.19444444444444445,0.26666666666666666,0.13530186919047493,1.1251409851786014,,d120_w96_k8x3_cv0.06,,0.06,cpu,cpu,v2a,"2.35**2 * Matern(length_scale=[5.27, 100, 100, 100, 100, 100, 11.4, 100, 100, 100, 100, 1.38, 10.6, 4.95, 100, 100, 100, 100, 100, 100, 100, 8.68, 100, 100, 7.71, 100, 100, 100, 100, 100, 100, 100, 10",8,gp_lp,1200,300,192,3,120,96,0,P2,3.12.10,1,12,2,v2,2.14.0+cu130,7.635308504104614
1.0698035399743027,0.9981300473786507,0.7291666666666666,0.75,0.7166666666666667,0.3243306948564999,1.7743696563297158,,d120_w96_k8x3_cv0.06,,0.06,cpu,cpu,v2a,"0.718**2 * Matern(length_scale=[100, 100, 100, 100, 100, 0.198, 100, 100, 0.434, 100, 100, 100, 100, 100, 63, 100, 100, 0.269, 100, 100, 0.191, 100, 100, 100, 100, 100, 100, 100, 100, 100, 100, 94.7, ",8,gp_lp,1200,300,288,3,120,96,0,P2,3.12.10,2,12,2,v2,2.14.0+cu130,33.937851428985596
1.0698035399743027,0.9981300473786507,0.625,0.5833333333333334,0.65,0.3101356599795311,1.6571700594982162,,d120_w96_k8x3_cv0.06,,0.06,cpu,cpu,v2a,"0.724**2 * Matern(length_scale=[73.2, 100, 100, 100, 100, 100, 100, 100, 100, 100, 78.4, 100, 74.4, 100, 99.2, 96.3, 89, 76.6, 100, 100, 100, 100, 100, 92.7, 100, 100, 100, 100, 100, 100, 100, 87.2, 6",8,gp_lp,1200,300,384,3,120,96,0,P2,3.12.10,3,12,2,v2,2.14.0+cu130,68.49535846710205
1.0698035399743027,1.0010901613735665,0.7916666666666666,0.8055555555555556,0.7833333333333333,0.34396387917319937,1.8903282679196383,,d120_w96_k8x3_cv0.06,,0.06,cpu,cpu,v2a,"0.735**2 * Matern(length_scale=[22, 100, 36, 67.3, 59.5, 29.9, 100, 100, 85, 100, 22.2, 100, 56.8, 7.91, 100, 63.6, 32.2, 52.2, 100, 74.4, 0.142, 100, 100, 70, 10.1, 100, 100, 100, 63.4, 52.4, 100, 55",8,gp_lp,1200,300,480,3,120,96,0,P2,3.12.10,4,12,2,v2,2.14.0+cu130,122.26955461502075
28.167887125666866,26.138401549019125,,,,,,,d120_w96_k8x3_cv0.06,,0.06,cpu,cpu,v2a,,8,gp_lp,1200,300,96,3,120,96,0,P2,3.12.10,0,13,1,v2,2.14.0+cu130,0.00021409988403320312
28.167887125666866,26.138401549019125,0.3645833333333333,0.2777777777777778,0.4166666666666667,2.628869157638866,0.8960110308321896,,d120_w96_k8x3_cv0.06,,0.06,cpu,cpu,v2a,"2.17**2 * Matern(length_scale=[100, 100, 100, 100, 100, 100, 100, 100, 100, 100, 100, 100, 100, 100, 100, 100, 100, 100, 100, 100, 100, 100, 100, 100, 100, 100, 100, 100, 100, 18.2, 100, 100, 100, 100",8,gp_lp,1200,300,192,3,120,96,0,P2,3.12.10,1,13,1,v2,2.14.0+cu130,4.863245487213135
28.167887125666866,26.526622112573246,0.5208333333333334,0.4722222222222222,0.55,5.89858297478434,1.1934093892868243,,d120_w96_k8x3_cv0.06,,0.06,cpu,cpu,v2a,"0.643**2 * Matern(length_scale=[100, 100, 100, 100, 100, 100, 100, 100, 100, 100, 100, 100, 100, 100, 100, 100, 100, 100, 100, 100, 100, 100, 100, 100, 100, 100, 100, 100, 100, 100, 100, 100, 100, 100",8,gp_lp,1200,300,288,3,120,96,0,P2,3.12.10,2,13,1,v2,2.14.0+cu130,19.836200714111328
28.167887125666866,28.591145102868648,0.7291666666666666,0.7777777777777778,0.7,8.807317748616716,1.7132654809027037,,d120_w96_k8x3_cv0.06,,0.06,cpu,cpu,v2a,"0.685**2 * Matern(length_scale=[0.644, 100, 100, 32, 0.345, 100, 100, 100, 0.308, 72.9, 48.9, 100, 100, 20.6, 0.22, 44.1, 100, 100, 100, 56.5, 100, 100, 48.4, 39.2, 96.3, 100, 100, 69.8, 60.6, 63.6, 1",8,gp_lp,1200,300,384,3,120,96,0,P2,3.12.10,3,13,1,v2,2.14.0+cu130,70.95743107795715
28.964167800433177,28.591145102868648,0.5416666666666666,0.6666666666666666,0.4666666666666667,7.955894511106233,1.4024975786655325,,d120_w96_k8x3_cv0.06,,0.06,cpu,cpu,v2a,"0.618**2 * Matern(length_scale=[100, 100, 100, 100, 100, 100, 100, 100, 85.8, 100, 100, 100, 100, 100, 100, 100, 100, 100, 100, 100, 100, 100, 100, 100, 100, 100, 100, 100, 100, 100, 100, 100, 100, 10",8,gp_lp,1200,300,480,3,120,96,0,P2,3.12.10,4,13,1,v2,2.14.0+cu130,147.20464777946472
0.5925264545102537,0.5522428470437529,,,,,,,d120_w96_k8x3_cv0.06,,0.06,cpu,cpu,v2a,,8,gp_lp,1200,300,96,3,120,96,0,P2,3.12.10,0,11,2,v2,2.14.0+cu130,0.20224404335021973
0.5925264545102537,0.5522428470437529,0.3333333333333333,0.3888888888888889,0.3,0.06909773707507495,0.8369462005566273,,d120_w96_k8x3_cv0.06,,0.06,cpu,cpu,v2a,"1.74**2 * Matern(length_scale=[100, 100, 100, 100, 5.87, 100, 100, 100, 100, 100, 100, 100, 100, 100, 100, 100, 8.22, 100, 100, 100, 2.15, 100, 100, 2.96, 100, 100, 100, 100, 100, 100, 100, 100, 100, ",8,gp_lp,1200,300,192,3,120,96,0,P2,3.12.10,1,11,2,v2,2.14.0+cu130,5.806242942810059
0.5925264545102537,0.5522428470437529,0.7708333333333334,0.75,0.7833333333333333,0.16373672350151255,2.4991683021462734,,d120_w96_k8x3_cv0.06,,0.06,cpu,cpu,v2a,"1.05**2 * Matern(length_scale=[100, 100, 100, 0.116, 100, 100, 100, 100, 100, 100, 100, 100, 100, 72.3, 100, 100, 100, 100, 100, 98.5, 100, 100, 100, 100, 100, 100, 100, 100, 100, 100, 100, 100, 100, ",8,gp_lp,1200,300,288,3,120,96,0,P2,3.12.10,2,11,2,v2,2.14.0+cu130,38.788553953170776
1.493099669081689,1.3805464942334376,0.875,0.8333333333333334,0.9,0.13871141721086536,2.466835428451189,,d120_w96_k8x3_cv0.06,,0.06,cpu,cpu,v2a,"1.05**2 * Matern(length_scale=[100, 100, 100, 100, 100, 85.9, 100, 100, 100, 100, 100, 100, 46.3, 100, 100, 100, 100, 100, 100, 100, 49.8, 100, 100, 100, 100, 100, 100, 100, 100, 100, 100, 100, 100, 1",8,gp_lp,1200,300,384,3,120,96,0,P2,3.12.10,3,11,2,v2,2.14.0+cu130,93.3233733177185
1.493099669081689,1.3805464942334376,0.8958333333333334,0.9722222222222222,0.85,0.2192343617556037,1.6888791598296031,,d120_w96_k8x3_cv0.06,,0.06,cpu,cpu,v2a,"0.746**2 * Matern(length_scale=[100, 100, 100, 100, 100, 100, 100, 100, 100, 100, 100, 100, 100, 100, 100, 2.43, 100, 100, 100, 100, 100, 100, 100, 100, 100, 100, 100, 100, 100, 100, 100, 100, 100, 10",8,gp_lp,1200,300,480,3,120,96,0,P2,3.12.10,4,11,2,v2,2.14.0+cu130,144.26614999771118
20.35741142083781,23.836964720118825,,,,,,,d120_w96_k8x3_cv0.06,,0.06,cpu,cpu,v2a,,8,gp_lp,1200,300,96,3,120,96,0,P2,3.12.10,0,14,1,v2,2.14.0+cu130,0.00019788742065429688
40.54166883249881,39.79293956745551,0.34375,0.3055555555555556,0.36666666666666664,2.264082163471009,0.8868463790417783,,d120_w96_k8x3_cv0.06,,0.06,cpu,cpu,v2a,"2.7**2 * Matern(length_scale=[100, 100, 100, 12.9, 5.7, 100, 100, 20.2, 100, 100, 100, 100, 1.75, 100, 100, 100, 100, 100, 100, 100, 6.31, 100, 100, 16.6, 100, 100, 100, 100, 20.7, 2.82, 100, 100, 100",8,gp_lp,1200,300,192,3,120,96,0,P2,3.12.10,1,14,1,v2,2.14.0+cu130,9.132675886154175
40.54166883249881,39.79293956745551,0.4479166666666667,0.5,0.4166666666666667,8.521687862471863,1.0964677703626187,,d120_w96_k8x3_cv0.06,,0.06,cpu,cpu,v2a,"0.573**2 * Matern(length_scale=[100, 100, 100, 100, 100, 100, 100, 92.2, 100, 100, 100, 100, 100, 100, 100, 100, 100, 100, 100, 100, 100, 0.352, 100, 100, 100, 100, 100, 100, 100, 100, 100, 100, 100, ",8,gp_lp,1200,300,288,3,120,96,0,P2,3.12.10,2,14,1,v2,2.14.0+cu130,19.211848735809326
40.75177042826919,43.86986901222237,0.7291666666666666,0.6666666666666666,0.7666666666666667,14.505030139620438,1.519048932863419,,d120_w96_k8x3_cv0.06,,0.06,cpu,cpu,v2a,"0.674**2 * Matern(length_scale=[100, 82.9, 0.645, 100, 100, 0.291, 100, 100, 100, 0.181, 100, 100, 100, 0.739, 100, 100, 100, 100, 100, 100, 100, 0.317, 100, 100, 100, 100, 100, 100, 100, 100, 100, 10",8,gp_lp,1200,300,384,3,120,96,0,P2,3.12.10,3,14,1,v2,2.14.0+cu130,101.3610348701477
60.83386206308334,58.62770364540507,0.5416666666666666,0.5833333333333334,0.5166666666666667,12.746986209892894,1.2242783025304336,,d120_w96_k8x3_cv0.06,,0.06,cpu,cpu,v2a,"0.626**2 * Matern(length_scale=[100, 100, 0.175, 100, 100, 100, 100, 100, 100, 100, 100, 100, 100, 100, 100, 100, 100, 100, 100, 100, 100, 82.2, 100, 100, 100, 44.5, 74.2, 100, 100, 100, 100, 100, 100",8,gp_lp,1200,300,480,3,120,96,0,P2,3.12.10,4,14,1,v2,2.14.0+cu130,107.71462655067444
28.167887125669225,26.138401549021317,,,,,,,d120_w96_k8x3_cv0.06,,0.06,cpu,cpu,v2a,,8,gp_kb,1200,300,96,3,120,96,0,P2,3.12.10,0,13,1,v2,2.14.0+cu130,0.4557211399078369
28.167887125669225,26.395640030416068,0.375,0.2777777777777778,0.43333333333333335,3.7638510242185483,1.2828527529828087,,d120_w96_k8x3_cv0.06,,0.06,cpu,cpu,v2a,"2.17**2 * Matern(length_scale=[100, 100, 78.5, 100, 100, 100, 100, 100, 100, 100, 100, 100, 100, 100, 100, 100, 100, 100, 100, 100, 100, 100, 100, 100, 100, 100, 100, 100, 100, 18.4, 100, 100, 100, 10",8,gp_kb,1200,300,192,3,120,96,0,P2,3.12.10,1,13,1,v2,2.14.0+cu130,5.898698806762695
34.443222671203046,34.28038671511665,0.5416666666666666,0.5,0.5666666666666667,5.696660391864055,1.2491400816202523,,d120_w96_k8x3_cv0.06,,0.06,cpu,cpu,v2a,"0.7**2 * Matern(length_scale=[100, 100, 100, 100, 100, 100, 55.7, 100, 100, 100, 100, 100, 100, 100, 100, 0.186, 100, 100, 100, 100, 100, 100, 100, 100, 100, 100, 100, 100, 100, 100, 100, 100, 100, 10",8,gp_kb,1200,300,288,3,120,96,0,P2,3.12.10,2,13,1,v2,2.14.0+cu130,32.14712452888489
36.31313418354231,37.25617155456276,0.17708333333333334,0.1388888888888889,0.2,7.969377297739477,1.3316355529976258,,d120_w96_k8x3_cv0.06,,0.06,cpu,cpu,v2a,"0.619**2 * Matern(length_scale=[100, 100, 100, 100, 100, 58.5, 100, 100, 100, 100, 100, 49.3, 100, 100, 100, 0.102, 100, 100, 100, 100, 100, 100, 100, 100, 100, 100, 100, 100, 100, 60.3, 100, 100, 100",8,gp_kb,1200,300,384,3,120,96,0,P2,3.12.10,3,13,1,v2,2.14.0+cu130,82.71040034294128
39.745496498273475,38.9261227420262,0.3125,0.2222222222222222,0.36666666666666664,13.732064893659148,1.5671251462522586,,d120_w96_k8x3_cv0.06,,0.06,cpu,cpu,v2a,"0.771**2 * Matern(length_scale=[55, 100, 100, 100, 12.3, 100, 100, 100, 100, 100, 100, 100, 0.486, 100, 100, 100, 100, 100, 100, 83.4, 100, 100, 100, 100, 100, 0.271, 100, 0.272, 100, 100, 100, 93.5, ",8,gp_kb,1200,300,480,3,120,96,0,P2,3.12.10,4,13,1,v2,2.14.0+cu130,274.7709984779358
19.85340405869757,20.313584140615923,,,,,,,d120_w96_k8x3_cv0.06,,0.06,cpu,cpu,v2a,,8,gp_kb,1200,300,96,3,120,96,0,P2,3.12.10,0,10,0,v2,2.14.0+cu130,0.40880560874938965
32.038356546204234,32.50158602903067,0.4375,0.5555555555555556,0.36666666666666664,4.043709720889098,1.3744029085197242,,d120_w96_k8x3_cv0.06,,0.06,cpu,cpu,v2a,"1.37**2 * Matern(length_scale=[100, 100, 100, 100, 100, 100, 100, 100, 100, 100, 100, 100, 100, 100, 100, 100, 99.2, 100, 100, 100, 100, 100, 100, 1.88, 100, 100, 100, 100, 100, 100, 100, 100, 100, 10",8,gp_kb,1200,300,192,3,120,96,0,P2,3.12.10,1,10,0,v2,2.14.0+cu130,4.866929769515991
32.038356546204234,32.50158602903067,0.5833333333333334,0.6111111111111112,0.5666666666666667,7.693940710725859,2.057775307184556,,d120_w96_k8x3_cv0.06,,0.06,cpu,cpu,v2a,"0.954**2 * Matern(length_scale=[100, 100, 100, 100, 100, 100, 75.6, 100, 72.7, 100, 100, 100, 100, 80.2, 100, 100, 100, 100, 100, 88, 100, 100, 100, 100, 100, 100, 100, 100, 100, 100, 100, 100, 100, 6",8,gp_kb,1200,300,288,3,120,96,0,P2,3.12.10,2,10,0,v2,2.14.0+cu130,32.11556434631348
35.72442318288724,36.65235549182333,0.625,0.6666666666666666,0.6,8.43419413975316,2.2151131721104083,,d120_w96_k8x3_cv0.06,,0.06,cpu,cpu,v2a,"0.876**2 * Matern(length_scale=[100, 5.01, 100, 35.1, 17.4, 56.5, 100, 72.7, 100, 100, 91.6, 54.5, 100, 32.2, 100, 98.1, 29.1, 81.4, 100, 100, 29.5, 54, 100, 100, 100, 99.6, 100, 80.5, 100, 30.4, 100,",8,gp_kb,1200,300,384,3,120,96,0,P2,3.12.10,3,10,0,v2,2.14.0+cu130,104.60429382324219
46.76152318764872,42.85446690284873,0.3958333333333333,0.3055555555555556,0.45,8.797795360010452,1.9860815124535738,,d120_w96_k8x3_cv0.06,,0.06,cpu,cpu,v2a,"0.846**2 * Matern(length_scale=[100, 85.5, 100, 85, 0.153, 100, 100, 56.8, 100, 100, 82, 0.375, 100, 0.138, 100, 100, 100, 0.12, 100, 100, 100, 100, 100, 100, 100, 100, 100, 100, 100, 100, 100, 100, 1",8,gp_kb,1200,300,480,3,120,96,0,P2,3.12.10,4,10,0,v2,2.14.0+cu130,232.15853118896484
0.8941241911247243,0.9013523133505106,,,,,,,d120_w96_k8x3_cv0.06,,0.06,cpu,cpu,v2a,,8,gp_lp,1200,300,96,3,120,96,0,P2,3.12.10,0,12,0,v2,2.14.0+cu130,0.28783559799194336
1.94096639942822,1.883025994903619,0.0625,0.05555555555555555,0.06666666666666667,0.14891253934746407,1.0819927984038444,,d120_w96_k8x3_cv0.06,,0.06,cpu,cpu,v2a,"2.85**2 * Matern(length_scale=[8.67, 2.8, 100, 1.51, 3.09, 100, 100, 100, 100, 100, 100, 3.68, 20.8, 100, 100, 100, 100, 100, 100, 100, 100, 100, 100, 100, 100, 100, 100, 100, 100, 1.31, 100, 100, 100",8,gp_lp,1200,300,192,3,120,96,0,P2,3.12.10,1,12,0,v2,2.14.0+cu130,27.735227584838867
1.94096639942822,1.883025994903619,0.90625,0.9444444444444444,0.8833333333333333,0.5073814747021798,1.93811408717705,,d120_w96_k8x3_cv0.06,,0.06,cpu,cpu,v2a,"0.769**2 * Matern(length_scale=[100, 43.4, 100, 100, 100, 100, 100, 100, 100, 100, 100, 100, 100, 100, 100, 100, 100, 100, 100, 100, 100, 100, 100, 100, 100, 100, 86.7, 100, 100, 100, 0.139, 100, 100,",8,gp_lp,1200,300,288,3,120,96,0,P2,3.12.10,2,12,0,v2,2.14.0+cu130,32.968997955322266
1.94096639942822,1.883025994903619,0.9791666666666666,1.0,0.9666666666666667,0.44962137082520287,2.044077536109432,,d120_w96_k8x3_cv0.06,,0.06,cpu,cpu,v2a,"0.795**2 * Matern(length_scale=[100, 0.309, 100, 100, 66.5, 100, 100, 100, 100, 100, 100, 100, 100, 100, 100, 100, 67.8, 100, 0.13, 100, 100, 100, 59.6, 89.3, 100, 100, 85.5, 100, 100, 100, 0.25, 100,",8,gp_lp,1200,300,384,3,120,96,0,P2,3.12.10,3,12,0,v2,2.14.0+cu130,87.64488506317139
1.94096639942822,1.883025994903619,0.8958333333333334,0.9444444444444444,0.8666666666666667,0.40396691992171346,2.0652477990450104,,d120_w96_k8x3_cv0.06,,0.06,cpu,cpu,v2a,"0.809**2 * Matern(length_scale=[100, 0.283, 100, 100, 98.7, 100, 100, 100, 100, 100, 100, 100, 100, 100, 100, 100, 91.2, 100, 0.132, 100, 100, 100, 79.6, 100, 100, 100, 100, 100, 100, 100, 0.253, 100,",8,gp_lp,1200,300,480,3,120,96,0,P2,3.12.10,4,12,0,v2,2.14.0+cu130,175.45616936683655
20.203650433938165,19.95157606207016,,,,,,,d120_w96_k8x3_cv0.06,,0.06,cpu,cpu,v2a,,8,gp_lp,1200,300,96,3,120,96,0,P2,3.12.10,0,14,2,v2,2.14.0+cu130,0.00020694732666015625
25.078712531539743,26.58986708745617,0.20833333333333334,0.19444444444444445,0.21666666666666667,2.6954230410956725,1.0122440518347786,,d120_w96_k8x3_cv0.06,,0.06,cpu,cpu,v2a,"2.36**2 * Matern(length_scale=[100, 100, 100, 100, 100, 100, 43.4, 100, 100, 100, 100, 100, 100, 100, 100, 100, 100, 100, 100, 100, 100, 100, 100, 100, 18.4, 100, 100, 100, 100, 100, 100, 100, 5.07, 2",8,gp_lp,1200,300,192,3,120,96,0,P2,3.12.10,1,14,2,v2,2.14.0+cu130,4.952849388122559
28.88572768270731,28.940534846046205,0.11458333333333333,0.08333333333333333,0.13333333333333333,5.34815940095796,0.9537004399323754,,d120_w96_k8x3_cv0.06,,0.06,cpu,cpu,v2a,"0.636**2 * Matern(length_scale=[100, 100, 100, 100, 100, 0.358, 100, 100, 100, 100, 100, 100, 100, 0.168, 100, 100, 100, 100, 100, 100, 100, 100, 100, 100, 100, 100, 100, 100, 100, 100, 100, 100, 100,",8,gp_lp,1200,300,288,3,120,96,0,P2,3.12.10,2,14,2,v2,2.14.0+cu130,21.455873489379883
46.31497019246211,40.48253246803778,0.6041666666666666,0.4722222222222222,0.6833333333333333,12.812684025850936,1.7719380679481929,,d120_w96_k8x3_cv0.06,,0.06,cpu,cpu,v2a,"0.787**2 * Matern(length_scale=[100, 34.4, 57.1, 100, 100, 100, 100, 80.3, 100, 100, 100, 100, 0.551, 100, 100, 96.4, 100, 74, 0.192, 100, 100, 99.7, 100, 100, 0.378, 100, 100, 100, 100, 100, 100, 100",8,gp_lp,1200,300,384,3,120,96,0,P2,3.12.10,3,14,2,v2,2.14.0+cu130,68.53427743911743
47.9390179341824,43.46313608295966,0.8333333333333334,0.8888888888888888,0.8,15.320148233863739,1.789126347835285,,d120_w96_k8x3_cv0.06,,0.06,cpu,cpu,v2a,"0.739**2 * Matern(length_scale=[100, 100, 1.06, 100, 70.6, 100, 100, 1.09, 100, 100, 100, 100, 38.1, 100, 100, 100, 100, 100, 70.5, 100, 100, 100, 100, 100, 0.349, 81.9, 84.4, 100, 100, 100, 100, 100,",8,gp_lp,1200,300,480,3,120,96,0,P2,3.12.10,4,14,2,v2,2.14.0+cu130,182.77799534797668
0.6009115741430643,0.6833605758418011,,,,,,,d80_w96_k8x3_cv0.06,13.0,0.06,NVIDIA A10,cuda,v2a,,8,tabpfn_kb,1200,300,96,3,80,96,0,P2,3.12.10,0,11,1,v2,2.14.0+cu130,0.16913175582885742
0.7102399952362575,0.7305509865311405,0.4479166666666667,0.3888888888888889,0.48333333333333334,0.40347203612327576,3.7594168991539507,,d80_w96_k8x3_cv0.06,13.0,0.06,NVIDIA A10,cuda,v2a,,8,tabpfn_kb,1200,300,192,3,80,96,0,P2,3.12.10,1,11,1,v2,2.14.0+cu130,21.229697227478027
0.890011620408209,0.8897572714541828,0.6979166666666666,0.6666666666666666,0.7166666666666667,0.5390390157699585,3.920891152995723,,d80_w96_k8x3_cv0.06,13.0,0.06,NVIDIA A10,cuda,v2a,,8,tabpfn_kb,1200,300,288,3,80,96,0,P2,3.12.10,2,11,1,v2,2.14.0+cu130,19.870025873184204
1.5764993679932509,1.5011856754862851,0.53125,0.5833333333333334,0.5,0.6211711764335632,3.7654336844522844,,d80_w96_k8x3_cv0.06,13.0,0.06,NVIDIA A10,cuda,v2a,,8,tabpfn_kb,1200,300,384,3,80,96,0,P2,3.12.10,3,11,1,v2,2.14.0+cu130,21.29657554626465
1.8853640725808063,1.8558887658165795,0.6354166666666666,0.6111111111111112,0.65,0.9002866744995117,2.9989789954606807,,d80_w96_k8x3_cv0.06,13.0,0.06,NVIDIA A10,cuda,v2a,,8,tabpfn_kb,1200,300,480,3,80,96,0,P2,3.12.10,4,11,1,v2,2.14.0+cu130,22.852749347686768
1.0102866628673468,0.9256217662271798,,,,,,,d80_w96_k8x3_cv0.06,13.0,0.06,NVIDIA A10,cuda,v2a,,8,tabpfn_kb,1200,300,96,3,80,96,0,P2,3.12.10,0,12,2,v2,2.14.0+cu130,0.17503881454467773
2.066644816205734,2.2571978169269533,0.3229166666666667,0.4444444444444444,0.25,0.6810147762298584,3.800835968773911,,d80_w96_k8x3_cv0.06,13.0,0.06,NVIDIA A10,cuda,v2a,,8,tabpfn_kb,1200,300,192,3,80,96,0,P2,3.12.10,1,12,2,v2,2.14.0+cu130,21.29438591003418
2.8484561110467945,2.742403579539507,0.8125,0.8611111111111112,0.7833333333333333,1.9221700429916382,5.000648551903257,,d80_w96_k8x3_cv0.06,13.0,0.06,NVIDIA A10,cuda,v2a,,8,tabpfn_kb,1200,300,288,3,80,96,0,P2,3.12.10,2,12,2,v2,2.14.0+cu130,20.032031774520874
2.9406632960719206,2.7877866929530235,0.7291666666666666,0.6111111111111112,0.8,1.9395742416381836,3.4251025451322823,,d80_w96_k8x3_cv0.06,13.0,0.06,NVIDIA A10,cuda,v2a,,8,tabpfn_kb,1200,300,384,3,80,96,0,P2,3.12.10,3,12,2,v2,2.14.0+cu130,21.57039713859558
2.9406632960719206,2.8857168605679444,0.84375,0.9444444444444444,0.7833333333333333,1.6349802017211914,2.1028680997291778,,d80_w96_k8x3_cv0.06,13.0,0.06,NVIDIA A10,cuda,v2a,,8,tabpfn_kb,1200,300,480,3,80,96,0,P2,3.12.10,4,12,2,v2,2.14.0+cu130,22.918090343475342
1.7283785741135194,1.8398301314325236,,,,,,,d80_w96_k8x3_cv0.06,13.0,0.06,NVIDIA A10,cuda,v2a,,8,tabpfn_kb,1200,300,96,3,80,96,0,P2,3.12.10,0,12,0,v2,2.14.0+cu130,0.1733689308166504
1.7319532290735207,1.9462328846542747,0.17708333333333334,0.1388888888888889,0.2,0.3958512246608734,1.8968445296251346,,d80_w96_k8x3_cv0.06,13.0,0.06,NVIDIA A10,cuda,v2a,,8,tabpfn_kb,1200,300,192,3,80,96,0,P2,3.12.10,1,12,0,v2,2.14.0+cu130,21.243849992752075
2.3142916235780575,2.2784542665621936,0.7395833333333334,0.8611111111111112,0.6666666666666666,1.5617866516113281,4.364897478231229,,d80_w96_k8x3_cv0.06,13.0,0.06,NVIDIA A10,cuda,v2a,,8,tabpfn_kb,1200,300,288,3,80,96,0,P2,3.12.10,2,12,0,v2,2.14.0+cu130,19.815070867538452
2.5593220212708094,2.6149146544834956,0.875,0.8611111111111112,0.8833333333333333,1.5201867818832397,2.61978540188145,,d80_w96_k8x3_cv0.06,13.0,0.06,NVIDIA A10,cuda,v2a,,8,tabpfn_kb,1200,300,384,3,80,96,0,P2,3.12.10,3,12,0,v2,2.14.0+cu130,21.333510875701904
2.5593220212708094,2.6474059410720465,0.6354166666666666,0.6666666666666666,0.6166666666666667,1.2611368894577026,1.7247091619091002,,d80_w96_k8x3_cv0.06,13.0,0.06,NVIDIA A10,cuda,v2a,,8,tabpfn_kb,1200,300,480,3,80,96,0,P2,3.12.10,4,12,0,v2,2.14.0+cu130,23.00747323036194
0.7894441229835568,0.8516666240492308,,,,,,,d80_w96_k8x3_cv0.06,13.0,0.06,NVIDIA A10,cuda,v2a,,8,tabpfn_kb,1200,300,96,3,80,96,0,P2,3.12.10,0,11,0,v2,2.14.0+cu130,0.17733240127563477
1.0703741725976774,1.2280126822391164,0.3958333333333333,0.4722222222222222,0.35,0.32908180356025696,2.8755970184915287,,d80_w96_k8x3_cv0.06,13.0,0.06,NVIDIA A10,cuda,v2a,,8,tabpfn_kb,1200,300,192,3,80,96,0,P2,3.12.10,1,11,0,v2,2.14.0+cu130,21.577414751052856
1.7247657946763386,1.7384089370743132,0.6666666666666666,0.6388888888888888,0.6833333333333333,0.634085476398468,3.648804100566315,,d80_w96_k8x3_cv0.06,13.0,0.06,NVIDIA A10,cuda,v2a,,8,tabpfn_kb,1200,300,288,3,80,96,0,P2,3.12.10,2,11,0,v2,2.14.0+cu130,20.28529119491577
1.918822237833728,1.85518493393546,0.84375,0.8333333333333334,0.85,1.148838996887207,3.6690655321915115,,d80_w96_k8x3_cv0.06,13.0,0.06,NVIDIA A10,cuda,v2a,,8,tabpfn_kb,1200,300,384,3,80,96,0,P2,3.12.10,3,11,0,v2,2.14.0+cu130,21.693753957748413
2.1337893746268985,2.0413079157825336,0.8020833333333334,0.8333333333333334,0.7833333333333333,0.7322646975517273,1.5665650796493962,,d80_w96_k8x3_cv0.06,13.0,0.06,NVIDIA A10,cuda,v2a,,8,tabpfn_kb,1200,300,480,3,80,96,0,P2,3.12.10,4,11,0,v2,2.14.0+cu130,23.189738512039185
1.241296226058417,1.2171548595203106,,,,,,,d80_w96_k8x3_cv0.06,13.0,0.06,NVIDIA A10,cuda,v2a,,8,tabpfn_kb,1200,300,96,3,80,96,0,P2,3.12.10,0,11,2,v2,2.14.0+cu130,0.1611487865447998
1.4933574367968545,1.4171366454617882,0.23958333333333334,0.3333333333333333,0.18333333333333332,0.3116455376148224,1.8930793209585275,,d80_w96_k8x3_cv0.06,13.0,0.06,NVIDIA A10,cuda,v2a,,8,tabpfn_kb,1200,300,192,3,80,96,0,P2,3.12.10,1,11,2,v2,2.14.0+cu130,21.951497793197632
1.7653649982102813,2.0537257127784243,0.8229166666666666,0.7777777777777778,0.85,1.2378971576690674,4.0456971571691005,,d80_w96_k8x3_cv0.06,13.0,0.06,NVIDIA A10,cuda,v2a,,8,tabpfn_kb,1200,300,288,3,80,96,0,P2,3.12.10,2,11,2,v2,2.14.0+cu130,20.42836284637451
1.9941249323621462,2.0537257127784243,0.75,0.8888888888888888,0.6666666666666666,1.2152607440948486,2.732194696588829,,d80_w96_k8x3_cv0.06,13.0,0.06,NVIDIA A10,cuda,v2a,,8,tabpfn_kb,1200,300,384,3,80,96,0,P2,3.12.10,3,11,2,v2,2.14.0+cu130,22.205235958099365
2.1083785739756276,2.1187825338604362,0.7916666666666666,0.8333333333333334,0.7666666666666667,1.2106260061264038,2.3503400393826,,d80_w96_k8x3_cv0.06,13.0,0.06,NVIDIA A10,cuda,v2a,,8,tabpfn_kb,1200,300,480,3,80,96,0,P2,3.12.10,4,11,2,v2,2.14.0+cu130,23.543408393859863
0.982605890628894,1.0044250125761929,,,,,,,d80_w96_k8x3_cv0.06,13.0,0.06,NVIDIA A10,cuda,v2a,,8,tabpfn_kb,1200,300,96,3,80,96,0,P2,3.12.10,0,12,1,v2,2.14.0+cu130,0.19671392440795898
1.76513304130907,1.7354959811280475,0.46875,0.4722222222222222,0.4666666666666667,0.5616819262504578,3.3388908901909806,,d80_w96_k8x3_cv0.06,13.0,0.06,NVIDIA A10,cuda,v2a,,8,tabpfn_kb,1200,300,192,3,80,96,0,P2,3.12.10,1,12,1,v2,2.14.0+cu130,21.125061988830566
1.8064805590542201,1.8562494174484554,0.6666666666666666,0.5833333333333334,0.7166666666666667,1.01287043094635,3.798089508918272,,d80_w96_k8x3_cv0.06,13.0,0.06,NVIDIA A10,cuda,v2a,,8,tabpfn_kb,1200,300,288,3,80,96,0,P2,3.12.10,2,12,1,v2,2.14.0+cu130,19.841717958450317
2.0160139350160713,2.349938150371876,0.7395833333333334,0.8055555555555556,0.7,1.2769442796707153,2.9864544929257524,,d80_w96_k8x3_cv0.06,13.0,0.06,NVIDIA A10,cuda,v2a,,8,tabpfn_kb,1200,300,384,3,80,96,0,P2,3.12.10,3,12,1,v2,2.14.0+cu130,21.19257926940918
2.614639919494265,2.573198363363745,0.5416666666666666,0.6666666666666666,0.4666666666666667,1.2280811071395874,2.182316361675973,,d80_w96_k8x3_cv0.06,13.0,0.06,NVIDIA A10,cuda,v2a,,8,tabpfn_kb,1200,300,480,3,80,96,0,P2,3.12.10,4,12,1,v2,2.14.0+cu130,22.853850841522217
12.184261352259849,13.827621403975469,,,,,,,d80_w96_k8x3_cv0.06,13.0,0.06,NVIDIA A10,cuda,v2a,,8,tabpfn_kb,1200,300,96,3,80,96,0,P2,3.12.10,0,13,0,v2,2.14.0+cu130,0.3254373073577881
16.732712394497266,16.206948926578246,0.3645833333333333,0.4166666666666667,0.3333333333333333,4.56233024597168,2.42045215921152,,d80_w96_k8x3_cv0.06,13.0,0.06,NVIDIA A10,cuda,v2a,,8,tabpfn_kb,1200,300,192,3,80,96,0,P2,3.12.10,1,13,0,v2,2.14.0+cu130,21.453234434127808
21.826185742365066,22.02656498552487,0.78125,0.7777777777777778,0.7833333333333333,12.880149841308594,3.9494691712301107,,d80_w96_k8x3_cv0.06,13.0,0.06,NVIDIA A10,cuda,v2a,,8,tabpfn_kb,1200,300,288,3,80,96,0,P2,3.12.10,2,13,0,v2,2.14.0+cu130,20.117827653884888
25.438575653856258,28.365400580613535,0.5625,0.5555555555555556,0.5666666666666667,13.5303316116333,2.6313566820657113,,d80_w96_k8x3_cv0.06,13.0,0.06,NVIDIA A10,cuda,v2a,,8,tabpfn_kb,1200,300,384,3,80,96,0,P2,3.12.10,3,13,0,v2,2.14.0+cu130,21.488306760787964
32.976470285291825,33.17473049491152,0.6666666666666666,0.6944444444444444,0.65,16.1210880279541,2.152285532115454,,d80_w96_k8x3_cv0.06,13.0,0.06,NVIDIA A10,cuda,v2a,,8,tabpfn_kb,1200,300,480,3,80,96,0,P2,3.12.10,4,13,0,v2,2.14.0+cu130,23.166163444519043
15.159680539221787,15.677328214185502,,,,,,,d80_w96_k8x3_cv0.06,13.0,0.06,NVIDIA A10,cuda,v2a,,8,tabpfn_kb,1200,300,96,3,80,96,0,P2,3.12.10,0,10,2,v2,2.14.0+cu130,0.4739093780517578
50.4157925080414,47.75723657608412,0.3541666666666667,0.3888888888888889,0.3333333333333333,7.707571506500244,2.436296791307385,,d80_w96_k8x3_cv0.06,13.0,0.06,NVIDIA A10,cuda,v2a,,8,tabpfn_kb,1200,300,192,3,80,96,0,P2,3.12.10,1,10,2,v2,2.14.0+cu130,20.84166121482849
50.4157925080414,50.50601637047756,0.625,0.75,0.55,29.262191772460938,4.163131582522517,,d80_w96_k8x3_cv0.06,13.0,0.06,NVIDIA A10,cuda,v2a,,8,tabpfn_kb,1200,300,288,3,80,96,0,P2,3.12.10,2,10,2,v2,2.14.0+cu130,19.434666395187378
56.76300079720437,57.469905562572706,0.625,0.5833333333333334,0.65,41.26156997680664,3.5847313491367303,,d80_w96_k8x3_cv0.06,13.0,0.06,NVIDIA A10,cuda,v2a,,8,tabpfn_kb,1200,300,384,3,80,96,0,P2,3.12.10,3,10,2,v2,2.14.0+cu130,20.991249322891235
63.823417952127784,61.19581329921771,0.6354166666666666,0.8055555555555556,0.5333333333333333,35.21465301513672,2.3623675894089944,,d80_w96_k8x3_cv0.06,13.0,0.06,NVIDIA A10,cuda,v2a,,8,tabpfn_kb,1200,300,480,3,80,96,0,P2,3.12.10,4,10,2,v2,2.14.0+cu130,22.72102689743042
27.909085377273712,30.247248758356495,,,,,,,d80_w96_k8x3_cv0.06,13.0,0.06,NVIDIA A10,cuda,v2a,,8,tabpfn_kb,1200,300,96,3,80,96,0,P2,3.12.10,0,10,0,v2,2.14.0+cu130,0.5088679790496826
32.05350893168859,34.12667068888964,0.34375,0.5,0.25,9.874953269958496,2.223593655684632,,d80_w96_k8x3_cv0.06,13.0,0.06,NVIDIA A10,cuda,v2a,,8,tabpfn_kb,1200,300,192,3,80,96,0,P2,3.12.10,1,10,0,v2,2.14.0+cu130,20.864481925964355
39.05956975617729,40.05539126322351,0.6979166666666666,0.8055555555555556,0.6333333333333333,24.982704162597656,3.1416153534225644,,d80_w96_k8x3_cv0.06,13.0,0.06,NVIDIA A10,cuda,v2a,,8,tabpfn_kb,1200,300,288,3,80,96,0,P2,3.12.10,2,10,0,v2,2.14.0+cu130,19.53342843055725
52.4856929536911,50.45086048908905,0.65625,0.6666666666666666,0.65,23.16722869873047,2.0343752121730176,,d80_w96_k8x3_cv0.06,13.0,0.06,NVIDIA A10,cuda,v2a,,8,tabpfn_kb,1200,300,384,3,80,96,0,P2,3.12.10,3,10,0,v2,2.14.0+cu130,20.75525665283203
61.90118756912795,56.70037030724115,0.8125,0.9166666666666666,0.75,26.951553344726562,1.8846977745153068,,d80_w96_k8x3_cv0.06,13.0,0.06,NVIDIA A10,cuda,v2a,,8,tabpfn_kb,1200,300,480,3,80,96,0,P2,3.12.10,4,10,0,v2,2.14.0+cu130,22.379796266555786
36.63298054771128,40.65485303123674,,,,,,,d80_w96_k8x3_cv0.06,13.0,0.06,NVIDIA A10,cuda,v2a,,8,tabpfn_kb,1200,300,96,3,80,96,0,P2,3.12.10,0,10,1,v2,2.14.0+cu130,0.5983428955078125
40.48246171322297,42.43910802933197,0.4375,0.4444444444444444,0.43333333333333335,10.918587684631348,1.9947811675384668,,d80_w96_k8x3_cv0.06,13.0,0.06,NVIDIA A10,cuda,v2a,,8,tabpfn_kb,1200,300,192,3,80,96,0,P2,3.12.10,1,10,1,v2,2.14.0+cu130,21.159837007522583
59.76424487355544,52.557457125519846,0.78125,0.8333333333333334,0.75,28.112947463989258,3.291642850404588,,d80_w96_k8x3_cv0.06,13.0,0.06,NVIDIA A10,cuda,v2a,,8,tabpfn_kb,1200,300,288,3,80,96,0,P2,3.12.10,2,10,1,v2,2.14.0+cu130,19.679148197174072
60.553011510146845,55.63483490096762,0.7916666666666666,0.8333333333333334,0.7666666666666667,31.79587745666504,2.5783768655006525,,d80_w96_k8x3_cv0.06,13.0,0.06,NVIDIA A10,cuda,v2a,,8,tabpfn_kb,1200,300,384,3,80,96,0,P2,3.12.10,3,10,1,v2,2.14.0+cu130,21.13667321205139
60.553011510146845,60.16655362016462,0.875,0.9444444444444444,0.8333333333333334,29.473833084106445,1.8355918452186488,,d80_w96_k8x3_cv0.06,13.0,0.06,NVIDIA A10,cuda,v2a,,8,tabpfn_kb,1200,300,480,3,80,96,0,P2,3.12.10,4,10,1,v2,2.14.0+cu130,22.873152494430542
36.63298054771128,40.65485303123674,,,,,,,d80_w96_k8x3_cv0.06,13.0,0.06,NVIDIA A10,cuda,v2a,,8,tabpfn_lp,1200,300,96,3,80,96,0,P2,3.12.10,0,10,1,v2,2.14.0+cu130,0.5971541404724121
36.63298054771128,40.65485303123674,0.625,0.7222222222222222,0.5666666666666667,12.020909309387207,2.1961708052045616,,d80_w96_k8x3_cv0.06,13.0,0.06,NVIDIA A10,cuda,v2a,,8,tabpfn_lp,1200,300,192,3,80,96,0,P2,3.12.10,1,10,1,v2,2.14.0+cu130,0.9308731555938721
36.63298054771128,40.65485303123674,0.8125,0.7222222222222222,0.8666666666666667,18.164453506469727,2.8482569830613516,,d80_w96_k8x3_cv0.06,13.0,0.06,NVIDIA A10,cuda,v2a,,8,tabpfn_lp,1200,300,288,3,80,96,0,P2,3.12.10,2,10,1,v2,2.14.0+cu130,1.1440095901489258
36.63298054771128,40.65485303123674,0.84375,0.8333333333333334,0.85,15.563861846923828,2.319564457080428,,d80_w96_k8x3_cv0.06,13.0,0.06,NVIDIA A10,cuda,v2a,,8,tabpfn_lp,1200,300,384,3,80,96,0,P2,3.12.10,3,10,1,v2,2.14.0+cu130,1.0793547630310059
42.01771175384672,43.41142279573278,0.7291666666666666,0.7777777777777778,0.7,19.574228286743164,2.342846568528327,,d80_w96_k8x3_cv0.06,13.0,0.06,NVIDIA A10,cuda,v2a,,8,tabpfn_lp,1200,300,480,3,80,96,0,P2,3.12.10,4,10,1,v2,2.14.0+cu130,1.1240229606628418
15.159680539221787,15.677328214185502,,,,,,,d80_w96_k8x3_cv0.06,13.0,0.06,NVIDIA A10,cuda,v2a,,8,tabpfn_lp,1200,300,96,3,80,96,0,P2,3.12.10,0,10,2,v2,2.14.0+cu130,0.00015425682067871094
40.08239461867201,43.00492304360708,0.625,0.5555555555555556,0.6666666666666666,7.00601053237915,2.214539426005457,,d80_w96_k8x3_cv0.06,13.0,0.06,NVIDIA A10,cuda,v2a,,8,tabpfn_lp,1200,300,192,3,80,96,0,P2,3.12.10,1,10,2,v2,2.14.0+cu130,0.9216251373291016
40.08239461867201,43.00492304360708,0.6666666666666666,0.7222222222222222,0.6333333333333333,14.1754732131958,2.764639704120211,,d80_w96_k8x3_cv0.06,13.0,0.06,NVIDIA A10,cuda,v2a,,8,tabpfn_lp,1200,300,288,3,80,96,0,P2,3.12.10,2,10,2,v2,2.14.0+cu130,0.9799320697784424
41.3266551636335,43.00492304360708,0.6354166666666666,0.6388888888888888,0.6333333333333333,18.23087501525879,2.570417241769548,,d80_w96_k8x3_cv0.06,13.0,0.06,NVIDIA A10,cuda,v2a,,8,tabpfn_lp,1200,300,384,3,80,96,0,P2,3.12.10,3,10,2,v2,2.14.0+cu130,1.0513460636138916
41.3266551636335,43.00492304360708,0.8333333333333334,0.7777777777777778,0.8666666666666667,23.80368995666504,2.696212071163869,,d80_w96_k8x3_cv0.06,13.0,0.06,NVIDIA A10,cuda,v2a,,8,tabpfn_lp,1200,300,480,3,80,96,0,P2,3.12.10,4,10,2,v2,2.14.0+cu130,1.1091282367706299
0.7894441229835568,0.8516666240492308,,,,,,,d80_w96_k8x3_cv0.06,13.0,0.06,NVIDIA A10,cuda,v2a,,8,tabpfn_lp,1200,300,96,3,80,96,0,P2,3.12.10,0,11,0,v2,2.14.0+cu130,0.16687536239624023
0.7894441229835568,0.8516666240492308,0.4895833333333333,0.4166666666666667,0.5333333333333333,0.31316325068473816,2.7364968230619753,,d80_w96_k8x3_cv0.06,13.0,0.06,NVIDIA A10,cuda,v2a,,8,tabpfn_lp,1200,300,192,3,80,96,0,P2,3.12.10,1,11,0,v2,2.14.0+cu130,0.9073517322540283
1.008154102358305,1.0418681616485352,0.7604166666666666,0.6666666666666666,0.8166666666666667,0.40287289023399353,3.0713162256173256,,d80_w96_k8x3_cv0.06,13.0,0.06,NVIDIA A10,cuda,v2a,,8,tabpfn_lp,1200,300,288,3,80,96,0,P2,3.12.10,2,11,0,v2,2.14.0+cu130,1.072514533996582
1.4570667979863274,1.3974187802058187,0.6145833333333334,0.6388888888888888,0.6,0.46047675609588623,2.3678701585212867,,d80_w96_k8x3_cv0.06,13.0,0.06,NVIDIA A10,cuda,v2a,,8,tabpfn_lp,1200,300,384,3,80,96,0,P2,3.12.10,3,11,0,v2,2.14.0+cu130,1.034742832183838
1.5577677762068516,1.4153115569591503,0.84375,0.8333333333333334,0.85,0.5202895998954773,1.982230835101207,,d80_w96_k8x3_cv0.06,13.0,0.06,NVIDIA A10,cuda,v2a,,8,tabpfn_lp,1200,300,480,3,80,96,0,P2,3.12.10,4,11,0,v2,2.14.0+cu130,1.0972330570220947
27.909085377273712,30.247248758356495,,,,,,,d80_w96_k8x3_cv0.06,13.0,0.06,NVIDIA A10,cuda,v2a,,8,tabpfn_lp,1200,300,96,3,80,96,0,P2,3.12.10,0,10,0,v2,2.14.0+cu130,0.6243715286254883
30.761464953544788,30.247248758356495,0.5,0.6111111111111112,0.43333333333333335,9.613251686096191,2.164664973629078,,d80_w96_k8x3_cv0.06,13.0,0.06,NVIDIA A10,cuda,v2a,,8,tabpfn_lp,1200,300,192,3,80,96,0,P2,3.12.10,1,10,0,v2,2.14.0+cu130,0.9419565200805664
42.31980643185373,42.00666496133926,0.84375,0.8888888888888888,0.8166666666666667,15.636731147766113,2.753576685218983,,d80_w96_k8x3_cv0.06,13.0,0.06,NVIDIA A10,cuda,v2a,,8,tabpfn_lp,1200,300,288,3,80,96,0,P2,3.12.10,2,10,0,v2,2.14.0+cu130,1.126758098602295
51.81614802292815,49.98923273137408,0.7708333333333334,0.6944444444444444,0.8166666666666667,21.26808738708496,2.504017164740913,,d80_w96_k8x3_cv0.06,13.0,0.06,NVIDIA A10,cuda,v2a,,8,tabpfn_lp,1200,300,384,3,80,96,0,P2,3.12.10,3,10,0,v2,2.14.0+cu130,1.059828758239746
57.27458840785921,53.82512842141079,0.875,0.9166666666666666,0.85,29.548681259155273,2.588859755001925,,d80_w96_k8x3_cv0.06,13.0,0.06,NVIDIA A10,cuda,v2a,,8,tabpfn_lp,1200,300,480,3,80,96,0,P2,3.12.10,4,10,0,v2,2.14.0+cu130,1.1360447406768799
0.6009115741430643,0.6833605758418011,,,,,,,d80_w96_k8x3_cv0.06,13.0,0.06,NVIDIA A10,cuda,v2a,,8,tabpfn_lp,1200,300,96,3,80,96,0,P2,3.12.10,0,11,1,v2,2.14.0+cu130,0.1626269817352295
0.6053140440152909,0.6833605758418011,0.4583333333333333,0.4722222222222222,0.45,0.36445102095603943,3.3958321876795976,,d80_w96_k8x3_cv0.06,13.0,0.06,NVIDIA A10,cuda,v2a,,8,tabpfn_lp,1200,300,192,3,80,96,0,P2,3.12.10,1,11,1,v2,2.14.0+cu130,0.9150395393371582
1.408366190957913,1.3050123485349734,0.8020833333333334,0.7222222222222222,0.85,0.31800904870033264,2.8489377238450766,,d80_w96_k8x3_cv0.06,13.0,0.06,NVIDIA A10,cuda,v2a,,8,tabpfn_lp,1200,300,288,3,80,96,0,P2,3.12.10,2,11,1,v2,2.14.0+cu130,1.1129512786865234
1.8063660475283208,1.7009781743072843,0.71875,0.5555555555555556,0.8166666666666667,0.6337995529174805,3.5504728254761817,,d80_w96_k8x3_cv0.06,13.0,0.06,NVIDIA A10,cuda,v2a,,8,tabpfn_lp,1200,300,384,3,80,96,0,P2,3.12.10,3,11,1,v2,2.14.0+cu130,1.044353723526001
1.8063660475283208,1.7009781743072843,0.875,0.8055555555555556,0.9166666666666666,1.0118374824523926,3.271013752402952,,d80_w96_k8x3_cv0.06,13.0,0.06,NVIDIA A10,cuda,v2a,,8,tabpfn_lp,1200,300,480,3,80,96,0,P2,3.12.10,4,11,1,v2,2.14.0+cu130,1.1033148765563965
1.241296226058417,1.2171548595203106,,,,,,,d80_w96_k8x3_cv0.06,13.0,0.06,NVIDIA A10,cuda,v2a,,8,tabpfn_lp,1200,300,96,3,80,96,0,P2,3.12.10,0,11,2,v2,2.14.0+cu130,0.16287779808044434
1.4939182977194199,1.4171366454617882,0.375,0.3055555555555556,0.4166666666666667,0.3045707046985626,1.8501035094147043,,d80_w96_k8x3_cv0.06,13.0,0.06,NVIDIA A10,cuda,v2a,,8,tabpfn_lp,1200,300,192,3,80,96,0,P2,3.12.10,1,11,2,v2,2.14.0+cu130,0.9211702346801758
1.6162641008400203,1.616108927926126,0.8125,0.6666666666666666,0.9,0.5776566863059998,2.1353404856236264,,d80_w96_k8x3_cv0.06,13.0,0.06,NVIDIA A10,cuda,v2a,,8,tabpfn_lp,1200,300,288,3,80,96,0,P2,3.12.10,2,11,2,v2,2.14.0+cu130,0.9956822395324707
2.3949032044588883,2.185406576691949,0.6354166666666666,0.5277777777777778,0.7,0.6903735995292664,1.933440921693879,,d80_w96_k8x3_cv0.06,13.0,0.06,NVIDIA A10,cuda,v2a,,8,tabpfn_lp,1200,300,384,3,80,96,0,P2,3.12.10,3,11,2,v2,2.14.0+cu130,1.074509620666504
2.3949032044588883,2.349015346279811,0.75,0.6944444444444444,0.7833333333333333,1.2198129892349243,2.5443252846699473,,d80_w96_k8x3_cv0.06,13.0,0.06,NVIDIA A10,cuda,v2a,,8,tabpfn_lp,1200,300,480,3,80,96,0,P2,3.12.10,4,11,2,v2,2.14.0+cu130,1.1410436630249023
1.7283785741135194,1.8398301314325236,,,,,,,d80_w96_k8x3_cv0.06,13.0,0.06,NVIDIA A10,cuda,v2a,,8,tabpfn_lp,1200,300,96,3,80,96,0,P2,3.12.10,0,12,0,v2,2.14.0+cu130,0.17757701873779297
1.863002126086861,1.8398301314325236,0.3333333333333333,0.3055555555555556,0.35,0.4001294672489166,1.917345062512184,,d80_w96_k8x3_cv0.06,13.0,0.06,NVIDIA A10,cuda,v2a,,8,tabpfn_lp,1200,300,192,3,80,96,0,P2,3.12.10,1,12,0,v2,2.14.0+cu130,0.9130125045776367
2.2723030438672565,2.3261309436052686,0.78125,0.7222222222222222,0.8166666666666667,0.9506361484527588,2.8761499576593965,,d80_w96_k8x3_cv0.06,13.0,0.06,NVIDIA A10,cuda,v2a,,8,tabpfn_lp,1200,300,288,3,80,96,0,P2,3.12.10,2,12,0,v2,2.14.0+cu130,0.9738526344299316
2.4835169815972744,2.4549555409724237,0.6354166666666666,0.7222222222222222,0.5833333333333334,1.4875441789627075,2.887008590299492,,d80_w96_k8x3_cv0.06,13.0,0.06,NVIDIA A10,cuda,v2a,,8,tabpfn_lp,1200,300,384,3,80,96,0,P2,3.12.10,3,12,0,v2,2.14.0+cu130,1.0457615852355957
2.7940421392318058,2.568427375508286,0.6770833333333334,0.5833333333333334,0.7333333333333333,1.4963960647583008,2.3958898565112565,,d80_w96_k8x3_cv0.06,13.0,0.06,NVIDIA A10,cuda,v2a,,8,tabpfn_lp,1200,300,480,3,80,96,0,P2,3.12.10,4,12,0,v2,2.14.0+cu130,1.1169543266296387
0.982605890628894,1.0044250125761929,,,,,,,d80_w96_k8x3_cv0.06,13.0,0.06,NVIDIA A10,cuda,v2a,,8,tabpfn_lp,1200,300,96,3,80,96,0,P2,3.12.10,0,12,1,v2,2.14.0+cu130,0.18900346755981445
1.1795044159781916,1.3066056666630665,0.5416666666666666,0.5277777777777778,0.55,0.5662176609039307,3.3658533442188343,,d80_w96_k8x3_cv0.06,13.0,0.06,NVIDIA A10,cuda,v2a,,8,tabpfn_lp,1200,300,192,3,80,96,0,P2,3.12.10,1,12,1,v2,2.14.0+cu130,0.9072961807250977
1.3394287960017293,1.3231917078243571,0.78125,0.7222222222222222,0.8166666666666667,0.6099888682365417,3.2606067529380045,,d80_w96_k8x3_cv0.06,13.0,0.06,NVIDIA A10,cuda,v2a,,8,tabpfn_lp,1200,300,288,3,80,96,0,P2,3.12.10,2,12,1,v2,2.14.0+cu130,0.9732012748718262
2.063911799597159,1.9663196287975337,0.7604166666666666,0.7777777777777778,0.75,0.5274102687835693,2.2189729571030194,,d80_w96_k8x3_cv0.06,13.0,0.06,NVIDIA A10,cuda,v2a,,8,tabpfn_lp,1200,300,384,3,80,96,0,P2,3.12.10,3,12,1,v2,2.14.0+cu130,1.0436151027679443
2.063911799597159,1.9789542344545943,0.6458333333333334,0.5277777777777778,0.7166666666666667,1.2214035987854004,3.4091253294248482,,d80_w96_k8x3_cv0.06,13.0,0.06,NVIDIA A10,cuda,v2a,,8,tabpfn_lp,1200,300,480,3,80,96,0,P2,3.12.10,4,12,1,v2,2.14.0+cu130,1.106623888015747
1.0102866628673468,0.9256217662271798,,,,,,,d80_w96_k8x3_cv0.06,13.0,0.06,NVIDIA A10,cuda,v2a,,8,tabpfn_lp,1200,300,96,3,80,96,0,P2,3.12.10,0,12,2,v2,2.14.0+cu130,0.17647576332092285
2.0525014406024633,2.0747373481947218,0.4791666666666667,0.5,0.4666666666666667,0.6373190879821777,3.556964397452733,,d80_w96_k8x3_cv0.06,13.0,0.06,NVIDIA A10,cuda,v2a,,8,tabpfn_lp,1200,300,192,3,80,96,0,P2,3.12.10,1,12,2,v2,2.14.0+cu130,0.9216806888580322
2.615777603004031,2.742403579539507,0.8958333333333334,0.8611111111111112,0.9166666666666666,1.4222856760025024,4.71108373529422,,d80_w96_k8x3_cv0.06,13.0,0.06,NVIDIA A10,cuda,v2a,,8,tabpfn_lp,1200,300,288,3,80,96,0,P2,3.12.10,2,12,2,v2,2.14.0+cu130,0.9857769012451172
2.8738240074851493,2.8218950169827153,0.8229166666666666,0.8611111111111112,0.8,1.2670286893844604,2.6922973496632427,,d80_w96_k8x3_cv0.06,13.0,0.06,NVIDIA A10,cuda,v2a,,8,tabpfn_lp,1200,300,384,3,80,96,0,P2,3.12.10,3,12,2,v2,2.14.0+cu130,1.0782318115234375
3.0332322824144446,2.922790568116179,0.625,0.5,0.7,1.5180925130844116,2.2765660723316428,,d80_w96_k8x3_cv0.06,13.0,0.06,NVIDIA A10,cuda,v2a,,8,tabpfn_lp,1200,300,480,3,80,96,0,P2,3.12.10,4,12,2,v2,2.14.0+cu130,1.117917537689209
12.184261352259849,13.827621403975469,,,,,,,d80_w96_k8x3_cv0.06,13.0,0.06,NVIDIA A10,cuda,v2a,,8,tabpfn_lp,1200,300,96,3,80,96,0,P2,3.12.10,0,13,0,v2,2.14.0+cu130,0.3253052234649658
14.427408048249044,14.098315216197374,0.4479166666666667,0.4166666666666667,0.4666666666666667,4.575658798217773,2.427523353387283,,d80_w96_k8x3_cv0.06,13.0,0.06,NVIDIA A10,cuda,v2a,,8,tabpfn_lp,1200,300,192,3,80,96,0,P2,3.12.10,1,13,0,v2,2.14.0+cu130,0.9105029106140137
16.14301944919388,16.318154357051405,0.9479166666666666,0.8888888888888888,0.9833333333333333,8.812726020812988,3.107139671145048,,d80_w96_k8x3_cv0.06,13.0,0.06,NVIDIA A10,cuda,v2a,,8,tabpfn_lp,1200,300,288,3,80,96,0,P2,3.12.10,2,13,0,v2,2.14.0+cu130,0.9832348823547363
25.04367138046206,24.174199397573943,0.8020833333333334,0.7222222222222222,0.85,8.135846138000488,2.5359574290487847,,d80_w96_k8x3_cv0.06,13.0,0.06,NVIDIA A10,cuda,v2a,,8,tabpfn_lp,1200,300,384,3,80,96,0,P2,3.12.10,3,13,0,v2,2.14.0+cu130,1.055931806564331
26.880277169723556,27.44272367042422,0.875,0.8333333333333334,0.9,8.555146217346191,1.8215509363729467,,d80_w96_k8x3_cv0.06,13.0,0.06,NVIDIA A10,cuda,v2a,,8,tabpfn_lp,1200,300,480,3,80,96,0,P2,3.12.10,4,13,0,v2,2.14.0+cu130,1.1206636428833008
11.863777994540415,11.276202026903517,,,,,,,d80_w96_k8x3_cv0.06,13.0,0.06,NVIDIA A10,cuda,v2a,,8,tabpfn_lp,1200,300,96,3,80,96,0,P2,3.12.10,0,13,2,v2,2.14.0+cu130,0.29186320304870605
16.31865342726731,16.188428390147276,0.5625,0.5833333333333334,0.55,6.267158031463623,3.2119478515977757,,d80_w96_k8x3_cv0.06,13.0,0.06,NVIDIA A10,cuda,v2a,,8,tabpfn_lp,1200,300,192,3,80,96,0,P2,3.12.10,1,13,2,v2,2.14.0+cu130,0.9256196022033691
18.743319247324877,19.937686008184894,0.7604166666666666,0.7777777777777778,0.75,9.748213768005371,3.8412228272310602,,d80_w96_k8x3_cv0.06,13.0,0.06,NVIDIA A10,cuda,v2a,,8,tabpfn_lp,1200,300,288,3,80,96,0,P2,3.12.10,2,13,2,v2,2.14.0+cu130,0.9661881923675537
21.356044462960124,21.16794146054218,0.6666666666666666,0.6666666666666666,0.6666666666666666,10.976513862609863,3.079385584887024,,d80_w96_k8x3_cv0.06,13.0,0.06,NVIDIA A10,cuda,v2a,,8,tabpfn_lp,1200,300,384,3,80,96,0,P2,3.12.10,3,13,2,v2,2.14.0+cu130,1.0660269260406494
25.296685210619295,24.8503011024459,0.6458333333333334,0.5833333333333334,0.6833333333333333,12.578829765319824,2.4987387466870237,,d80_w96_k8x3_cv0.06,13.0,0.06,NVIDIA A10,cuda,v2a,,8,tabpfn_lp,1200,300,480,3,80,96,0,P2,3.12.10,4,13,2,v2,2.14.0+cu130,1.0992615222930908
25.17546510455504,25.66248804341221,,,,,,,d80_w96_k8x3_cv0.06,13.0,0.06,NVIDIA A10,cuda,v2a,,8,tabpfn_lp,1200,300,96,3,80,96,0,P2,3.12.10,0,14,0,v2,2.14.0+cu130,0.3620169162750244
25.17546510455504,25.66248804341221,0.5520833333333334,0.5833333333333334,0.5333333333333333,6.4936065673828125,1.9693193821955488,,d80_w96_k8x3_cv0.06,13.0,0.06,NVIDIA A10,cuda,v2a,,8,tabpfn_lp,1200,300,192,3,80,96,0,P2,3.12.10,1,14,0,v2,2.14.0+cu130,0.9037394523620605
25.17546510455504,25.66248804341221,0.7916666666666666,0.7777777777777778,0.8,1.977330207824707,0.7344334629990996,,d80_w96_k8x3_cv0.06,13.0,0.06,NVIDIA A10,cuda,v2a,,8,tabpfn_lp,1200,300,288,3,80,96,0,P2,3.12.10,2,14,0,v2,2.14.0+cu130,0.98116135597229
26.357663749719116,28.55498225508188,0.8958333333333334,0.8333333333333334,0.9333333333333333,6.172830104827881,1.99910222732282,,d80_w96_k8x3_cv0.06,13.0,0.06,NVIDIA A10,cuda,v2a,,8,tabpfn_lp,1200,300,384,3,80,96,0,P2,3.12.10,3,14,0,v2,2.14.0+cu130,1.0358459949493408
26.357663749719116,28.55498225508188,0.8854166666666666,0.9444444444444444,0.85,7.571735382080078,2.0877756883480267,,d80_w96_k8x3_cv0.06,13.0,0.06,NVIDIA A10,cuda,v2a,,8,tabpfn_lp,1200,300,480,3,80,96,0,P2,3.12.10,4,14,0,v2,2.14.0+cu130,1.090602159500122
12.288301187114403,15.442359118822706,,,,,,,d80_w96_k8x3_cv0.06,13.0,0.06,NVIDIA A10,cuda,v2a,,8,tabpfn_lp,1200,300,96,3,80,96,0,P2,3.12.10,0,13,1,v2,2.14.0+cu130,0.2563505172729492
13.396032671745168,15.442359118822706,0.5104166666666666,0.5555555555555556,0.48333333333333334,4.1506476402282715,1.7840983923761642,,d80_w96_k8x3_cv0.06,13.0,0.06,NVIDIA A10,cuda,v2a,,8,tabpfn_lp,1200,300,192,3,80,96,0,P2,3.12.10,1,13,1,v2,2.14.0+cu130,0.9271423816680908
18.76315955206369,21.131534401471786,0.7604166666666666,0.7777777777777778,0.75,3.386152982711792,1.5353129431891517,,d80_w96_k8x3_cv0.06,13.0,0.06,NVIDIA A10,cuda,v2a,,8,tabpfn_lp,1200,300,288,3,80,96,0,P2,3.12.10,2,13,1,v2,2.14.0+cu130,0.9868669509887695
24.89585661231366,23.835418882015805,0.8645833333333334,0.9444444444444444,0.8166666666666667,12.065909385681152,3.229139574851093,,d80_w96_k8x3_cv0.06,13.0,0.06,NVIDIA A10,cuda,v2a,,8,tabpfn_lp,1200,300,384,3,80,96,0,P2,3.12.10,3,13,1,v2,2.14.0+cu130,1.076493501663208
26.133766811846424,25.971414594654775,0.71875,0.75,0.7,12.622665405273438,2.194636567143306,,d80_w96_k8x3_cv0.06,13.0,0.06,NVIDIA A10,cuda,v2a,,8,tabpfn_lp,1200,300,480,3,80,96,0,P2,3.12.10,4,13,1,v2,2.14.0+cu130,1.1343977451324463
7.991990097719068,8.771891000497241,,,,,,,d80_w96_k8x3_cv0.06,13.0,0.06,NVIDIA A10,cuda,v2a,,8,tabpfn_lp,1200,300,96,3,80,96,0,P2,3.12.10,0,14,1,v2,2.14.0+cu130,0.29886794090270996
12.840556460749522,12.837796380063411,0.625,0.6111111111111112,0.6333333333333333,3.106199264526367,2.140013359488331,,d80_w96_k8x3_cv0.06,13.0,0.06,NVIDIA A10,cuda,v2a,,8,tabpfn_lp,1200,300,192,3,80,96,0,P2,3.12.10,1,14,1,v2,2.14.0+cu130,0.9355952739715576
25.133557757927765,27.43622054644484,0.7291666666666666,0.6111111111111112,0.8,4.948739528656006,2.675110466278019,,d80_w96_k8x3_cv0.06,13.0,0.06,NVIDIA A10,cuda,v2a,,8,tabpfn_lp,1200,300,288,3,80,96,0,P2,3.12.10,2,14,1,v2,2.14.0+cu130,1.014925479888916
35.3189146902845,34.59787564377199,0.8958333333333334,0.9722222222222222,0.85,13.722956657409668,3.6820735545365464,,d80_w96_k8x3_cv0.06,13.0,0.06,NVIDIA A10,cuda,v2a,,8,tabpfn_lp,1200,300,384,3,80,96,0,P2,3.12.10,3,14,1,v2,2.14.0+cu130,1.095034122467041
45.440270515487306,43.14438641237619,0.75,0.7222222222222222,0.7666666666666667,12.08488941192627,2.3473336680238552,,d80_w96_k8x3_cv0.06,13.0,0.06,NVIDIA A10,cuda,v2a,,8,tabpfn_lp,1200,300,480,3,80,96,0,P2,3.12.10,4,14,1,v2,2.14.0+cu130,1.145629644393921
8.008754593923403,7.755030749281467,,,,,,,d80_w96_k8x3_cv0.06,13.0,0.06,NVIDIA A10,cuda,v2a,,8,tabpfn_lp,1200,300,96,3,80,96,0,P2,3.12.10,0,14,2,v2,2.14.0+cu130,0.2886698246002197
8.008754593923403,7.911361937430674,0.4583333333333333,0.4722222222222222,0.45,3.9265804290771484,3.085613651912548,,d80_w96_k8x3_cv0.06,13.0,0.06,NVIDIA A10,cuda,v2a,,8,tabpfn_lp,1200,300,192,3,80,96,0,P2,3.12.10,1,14,2,v2,2.14.0+cu130,0.907844066619873
9.651972816101349,9.488923099280314,0.8854166666666666,0.8333333333333334,0.9166666666666666,3.5286865234375,2.793345267616323,,d80_w96_k8x3_cv0.06,13.0,0.06,NVIDIA A10,cuda,v2a,,8,tabpfn_lp,1200,300,288,3,80,96,0,P2,3.12.10,2,14,2,v2,2.14.0+cu130,0.9827215671539307
17.16494494408625,19.980381028469253,0.71875,0.6388888888888888,0.7666666666666667,2.3277599811553955,1.8798048380999872,,d80_w96_k8x3_cv0.06,13.0,0.06,NVIDIA A10,cuda,v2a,,8,tabpfn_lp,1200,300,384,3,80,96,0,P2,3.12.10,3,14,2,v2,2.14.0+cu130,1.060819149017334
26.774541137067192,31.74800228452122,0.7291666666666666,0.6388888888888888,0.7833333333333333,6.331968307495117,2.8389033227086697,,d80_w96_k8x3_cv0.06,13.0,0.06,NVIDIA A10,cuda,v2a,,8,tabpfn_lp,1200,300,480,3,80,96,0,P2,3.12.10,4,14,2,v2,2.14.0+cu130,1.1158580780029297
7.991990097719068,8.771891000497241,,,,,,,d80_w96_k8x3_cv0.06,13.0,0.06,NVIDIA A10,cuda,v2a,,8,tabpfn_kb,1200,300,96,3,80,96,0,P2,3.12.10,0,14,1,v2,2.14.0+cu130,0.2997782230377197
15.273079890514358,13.758974984272244,0.3229166666666667,0.3055555555555556,0.3333333333333333,3.3436291217803955,2.303590459086448,,d80_w96_k8x3_cv0.06,13.0,0.06,NVIDIA A10,cuda,v2a,,8,tabpfn_kb,1200,300,192,3,80,96,0,P2,3.12.10,1,14,1,v2,2.14.0+cu130,18.908514261245728
18.31620994591318,19.277436015824012,0.6875,0.6388888888888888,0.7166666666666667,2.7360382080078125,1.303116251922013,,d80_w96_k8x3_cv0.06,13.0,0.06,NVIDIA A10,cuda,v2a,,8,tabpfn_kb,1200,300,288,3,80,96,0,P2,3.12.10,2,14,1,v2,2.14.0+cu130,20.098050117492676
22.904861050940465,22.313402261212545,0.8333333333333334,0.8055555555555556,0.85,8.83626651763916,3.1592250593953195,,d80_w96_k8x3_cv0.06,13.0,0.06,NVIDIA A10,cuda,v2a,,8,tabpfn_kb,1200,300,384,3,80,96,0,P2,3.12.10,3,14,1,v2,2.14.0+cu130,21.520789861679077
28.547826228424267,28.36241856040435,0.78125,0.9166666666666666,0.7,17.46626091003418,4.2258760673661575,,d80_w96_k8x3_cv0.06,13.0,0.06,NVIDIA A10,cuda,v2a,,8,tabpfn_kb,1200,300,480,3,80,96,0,P2,3.12.10,4,14,1,v2,2.14.0+cu130,23.51012945175171
11.863777994540415,11.276202026903517,,,,,,,d80_w96_k8x3_cv0.06,13.0,0.06,NVIDIA A10,cuda,v2a,,8,tabpfn_kb,1200,300,96,3,80,96,0,P2,3.12.10,0,13,2,v2,2.14.0+cu130,0.2898213863372803
17.565350229625007,17.51334312331909,0.5416666666666666,0.5833333333333334,0.5166666666666667,6.761593341827393,3.4653482644969067,,d80_w96_k8x3_cv0.06,13.0,0.06,NVIDIA A10,cuda,v2a,,8,tabpfn_kb,1200,300,192,3,80,96,0,P2,3.12.10,1,13,2,v2,2.14.0+cu130,18.976194143295288
17.717941395344305,17.51334312331909,0.6354166666666666,0.5555555555555556,0.6833333333333333,10.312515258789062,3.6401787954481564,,d80_w96_k8x3_cv0.06,13.0,0.06,NVIDIA A10,cuda,v2a,,8,tabpfn_kb,1200,300,288,3,80,96,0,P2,3.12.10,2,13,2,v2,2.14.0+cu130,20.310468912124634
28.412530841040734,27.257405917113495,0.6875,0.75,0.65,9.350842475891113,2.981695096548435,,d80_w96_k8x3_cv0.06,13.0,0.06,NVIDIA A10,cuda,v2a,,8,tabpfn_kb,1200,300,384,3,80,96,0,P2,3.12.10,3,13,2,v2,2.14.0+cu130,21.74366807937622
37.25660021111883,32.29609726583628,0.6979166666666666,0.6666666666666666,0.7166666666666667,19.88362693786621,4.030098506419123,,d80_w96_k8x3_cv0.06,13.0,0.06,NVIDIA A10,cuda,v2a,,8,tabpfn_kb,1200,300,480,3,80,96,0,P2,3.12.10,4,13,2,v2,2.14.0+cu130,23.445364713668823
12.288301187114403,15.442359118822706,,,,,,,d80_w96_k8x3_cv0.06,13.0,0.06,NVIDIA A10,cuda,v2a,,8,tabpfn_kb,1200,300,96,3,80,96,0,P2,3.12.10,0,13,1,v2,2.14.0+cu130,0.26239728927612305
18.652584542404863,18.00625660387207,0.3541666666666667,0.3611111111111111,0.35,3.6480391025543213,1.568059074712159,,d80_w96_k8x3_cv0.06,13.0,0.06,NVIDIA A10,cuda,v2a,,8,tabpfn_kb,1200,300,192,3,80,96,0,P2,3.12.10,1,13,1,v2,2.14.0+cu130,18.68373703956604
29.159639265468137,28.685603889287133,0.7291666666666666,0.8333333333333334,0.6666666666666666,11.533241271972656,3.3645843434615594,,d80_w96_k8x3_cv0.06,13.0,0.06,NVIDIA A10,cuda,v2a,,8,tabpfn_kb,1200,300,288,3,80,96,0,P2,3.12.10,2,13,1,v2,2.14.0+cu130,20.12749195098877
29.317367225161604,28.685603889287133,0.6145833333333334,0.5833333333333334,0.6333333333333333,18.92429542541504,3.0386398847461478,,d80_w96_k8x3_cv0.06,13.0,0.06,NVIDIA A10,cuda,v2a,,8,tabpfn_kb,1200,300,384,3,80,96,0,P2,3.12.10,3,13,1,v2,2.14.0+cu130,21.437033891677856
31.575198204065106,31.637100945697576,0.7395833333333334,0.6944444444444444,0.7666666666666667,17.990812301635742,2.215876980882356,,d80_w96_k8x3_cv0.06,13.0,0.06,NVIDIA A10,cuda,v2a,,8,tabpfn_kb,1200,300,480,3,80,96,0,P2,3.12.10,4,13,1,v2,2.14.0+cu130,23.281777143478394
8.008754593923403,7.755030749281467,,,,,,,d80_w96_k8x3_cv0.06,13.0,0.06,NVIDIA A10,cuda,v2a,,8,tabpfn_kb,1200,300,96,3,80,96,0,P2,3.12.10,0,14,2,v2,2.14.0+cu130,0.2869248390197754
8.008754593923403,8.27900174226843,0.5625,0.6111111111111112,0.5333333333333333,4.001554012298584,3.144529931891877,,d80_w96_k8x3_cv0.06,13.0,0.06,NVIDIA A10,cuda,v2a,,8,tabpfn_kb,1200,300,192,3,80,96,0,P2,3.12.10,1,14,2,v2,2.14.0+cu130,19.390058040618896
12.768576196284117,12.360025078785995,0.5208333333333334,0.6388888888888888,0.45,5.643660068511963,3.717280208354884,,d80_w96_k8x3_cv0.06,13.0,0.06,NVIDIA A10,cuda,v2a,,8,tabpfn_kb,1200,300,288,3,80,96,0,P2,3.12.10,2,14,2,v2,2.14.0+cu130,20.698636531829834
19.99368666610296,20.084114424291048,0.6770833333333334,0.6944444444444444,0.6666666666666666,5.502382755279541,3.0923915650819622,,d80_w96_k8x3_cv0.06,13.0,0.06,NVIDIA A10,cuda,v2a,,8,tabpfn_kb,1200,300,384,3,80,96,0,P2,3.12.10,3,14,2,v2,2.14.0+cu130,21.94007110595703
25.66177035322926,28.823896336400257,0.7708333333333334,0.7777777777777778,0.7666666666666667,14.32052993774414,4.8071279458572995,,d80_w96_k8x3_cv0.06,13.0,0.06,NVIDIA A10,cuda,v2a,,8,tabpfn_kb,1200,300,480,3,80,96,0,P2,3.12.10,4,14,2,v2,2.14.0+cu130,23.585306882858276
25.17546510455504,25.66248804341221,,,,,,,d80_w96_k8x3_cv0.06,13.0,0.06,NVIDIA A10,cuda,v2a,,8,tabpfn_kb,1200,300,96,3,80,96,0,P2,3.12.10,0,14,0,v2,2.14.0+cu130,0.3606264591217041
40.92748137680623,44.44778482712737,0.4166666666666667,0.4722222222222222,0.38333333333333336,6.624845504760742,2.009120281802756,,d80_w96_k8x3_cv0.06,13.0,0.06,NVIDIA A10,cuda,v2a,,8,tabpfn_kb,1200,300,192,3,80,96,0,P2,3.12.10,1,14,0,v2,2.14.0+cu130,18.737165927886963
47.27461096866363,48.95284395773491,0.7604166666666666,0.6944444444444444,0.8,20.69870948791504,3.9242733132040737,,d80_w96_k8x3_cv0.06,13.0,0.06,NVIDIA A10,cuda,v2a,,8,tabpfn_kb,1200,300,288,3,80,96,0,P2,3.12.10,2,14,0,v2,2.14.0+cu130,20.055137634277344
57.42953033010864,64.01672632759397,0.7395833333333334,0.6666666666666666,0.7833333333333333,37.18669128417969,3.7934640075504924,,d80_w96_k8x3_cv0.06,13.0,0.06,NVIDIA A10,cuda,v2a,,8,tabpfn_kb,1200,300,384,3,80,96,0,P2,3.12.10,3,14,0,v2,2.14.0+cu130,21.367103815078735
62.99207546596296,64.01672632759397,0.8333333333333334,0.9444444444444444,0.7666666666666667,37.7232551574707,2.8345717991846744,,d80_w96_k8x3_cv0.06,13.0,0.06,NVIDIA A10,cuda,v2a,,8,tabpfn_kb,1200,300,480,3,80,96,0,P2,3.12.10,4,14,0,v2,2.14.0+cu130,23.395570755004883
19.85340405869763,20.313584140615983,,,,,,,d120_w96_k8x3_cv0.06,13.0,0.06,NVIDIA A10,cuda,v2a,,8,tabpfn_kb,1200,300,96,3,120,96,0,P2,3.12.10,0,10,0,v2,2.14.0+cu130,0.33954572677612305
28.188854138581146,27.488246761660967,0.40625,0.3888888888888889,0.4166666666666667,7.193253993988037,2.4448909277505018,,d120_w96_k8x3_cv0.06,13.0,0.06,NVIDIA A10,cuda,v2a,,8,tabpfn_kb,1200,300,192,3,120,96,0,P2,3.12.10,1,10,0,v2,2.14.0+cu130,25.09583592414856
42.547532211892666,41.283428720257604,0.7916666666666666,0.7777777777777778,0.8,6.224637508392334,1.6162390281514976,,d120_w96_k8x3_cv0.06,13.0,0.06,NVIDIA A10,cuda,v2a,,8,tabpfn_kb,1200,300,288,3,120,96,0,P2,3.12.10,2,10,0,v2,2.14.0+cu130,27.268428802490234
42.547532211892666,44.13511984058439,0.7291666666666666,0.6944444444444444,0.75,10.883156776428223,2.293426799549669,,d120_w96_k8x3_cv0.06,13.0,0.06,NVIDIA A10,cuda,v2a,,8,tabpfn_kb,1200,300,384,3,120,96,0,P2,3.12.10,3,10,0,v2,2.14.0+cu130,28.9634907245636
48.22436077618813,49.19573559842691,0.6145833333333334,0.5277777777777778,0.6666666666666666,24.408447265625,3.6692396987443705,,d120_w96_k8x3_cv0.06,13.0,0.06,NVIDIA A10,cuda,v2a,,8,tabpfn_kb,1200,300,480,3,120,96,0,P2,3.12.10,4,10,0,v2,2.14.0+cu130,31.431761026382446
15.134680078181447,16.749749217128763,,,,,,,d120_w96_k8x3_cv0.06,13.0,0.06,NVIDIA A10,cuda,v2a,,8,tabpfn_kb,1200,300,96,3,120,96,0,P2,3.12.10,0,10,1,v2,2.14.0+cu130,0.3306567668914795
23.904612152187916,25.39762167149792,0.19791666666666666,0.16666666666666666,0.21666666666666667,6.158185958862305,2.555797948852342,,d120_w96_k8x3_cv0.06,13.0,0.06,NVIDIA A10,cuda,v2a,,8,tabpfn_kb,1200,300,192,3,120,96,0,P2,3.12.10,1,10,1,v2,2.14.0+cu130,24.462212800979614
31.976731683243123,34.06536495628437,0.5520833333333334,0.4166666666666667,0.6333333333333333,4.632806301116943,1.58457704736768,,d120_w96_k8x3_cv0.06,13.0,0.06,NVIDIA A10,cuda,v2a,,8,tabpfn_kb,1200,300,288,3,120,96,0,P2,3.12.10,2,10,1,v2,2.14.0+cu130,26.37927794456482
40.90131482972525,41.93873385298491,0.7916666666666666,0.6944444444444444,0.85,26.443689346313477,4.010289156152649,,d120_w96_k8x3_cv0.06,13.0,0.06,NVIDIA A10,cuda,v2a,,8,tabpfn_kb,1200,300,384,3,120,96,0,P2,3.12.10,3,10,1,v2,2.14.0+cu130,28.339685440063477
51.37498911248541,48.6055880907643,0.4270833333333333,0.3611111111111111,0.4666666666666667,23.855112075805664,2.281951226667116,,d120_w96_k8x3_cv0.06,13.0,0.06,NVIDIA A10,cuda,v2a,,8,tabpfn_kb,1200,300,480,3,120,96,0,P2,3.12.10,4,10,1,v2,2.14.0+cu130,31.08857488632202
28.373114454920877,29.36559011419132,,,,,,,d120_w96_k8x3_cv0.06,13.0,0.06,NVIDIA A10,cuda,v2a,,8,tabpfn_kb,1200,300,96,3,120,96,0,P2,3.12.10,0,10,2,v2,2.14.0+cu130,0.5408456325531006
49.87867741008844,51.114292972008705,0.3645833333333333,0.3888888888888889,0.35,6.463080883026123,1.3738921493429617,,d120_w96_k8x3_cv0.06,13.0,0.06,NVIDIA A10,cuda,v2a,,8,tabpfn_kb,1200,300,192,3,120,96,0,P2,3.12.10,1,10,2,v2,2.14.0+cu130,25.54643726348877
59.549999242740526,57.00817412256937,0.75,0.7777777777777778,0.7333333333333333,27.414152145385742,3.368353255601994,,d120_w96_k8x3_cv0.06,13.0,0.06,NVIDIA A10,cuda,v2a,,8,tabpfn_kb,1200,300,288,3,120,96,0,P2,3.12.10,2,10,2,v2,2.14.0+cu130,27.48480772972107
59.549999242740526,59.354808838041755,0.5833333333333334,0.6666666666666666,0.5333333333333333,43.92266845703125,3.461317150388113,,d120_w96_k8x3_cv0.06,13.0,0.06,NVIDIA A10,cuda,v2a,,8,tabpfn_kb,1200,300,384,3,120,96,0,P2,3.12.10,3,10,2,v2,2.14.0+cu130,29.429819345474243
66.57085222586932,66.45492767880144,0.5833333333333334,0.6111111111111112,0.5666666666666667,44.59352493286133,2.923560940219101,,d120_w96_k8x3_cv0.06,13.0,0.06,NVIDIA A10,cuda,v2a,,8,tabpfn_kb,1200,300,480,3,120,96,0,P2,3.12.10,4,10,2,v2,2.14.0+cu130,32.25394821166992
0.6744078097484498,0.6497177820663859,,,,,,,d120_w96_k8x3_cv0.06,13.0,0.06,NVIDIA A10,cuda,v2a,,8,tabpfn_kb,1200,300,96,3,120,96,0,P2,3.12.10,0,11,0,v2,2.14.0+cu130,0.17385506629943848
0.6744078097484498,0.6497177820663859,0.20833333333333334,0.2222222222222222,0.2,0.21134640276432037,2.3981028660642245,,d120_w96_k8x3_cv0.06,13.0,0.06,NVIDIA A10,cuda,v2a,,8,tabpfn_kb,1200,300,192,3,120,96,0,P2,3.12.10,1,11,0,v2,2.14.0+cu130,25.56903576850891
0.6744078097484498,0.6497177820663859,0.8125,0.5555555555555556,0.9666666666666667,0.3832741677761078,3.884720978731824,,d120_w96_k8x3_cv0.06,13.0,0.06,NVIDIA A10,cuda,v2a,,8,tabpfn_kb,1200,300,288,3,120,96,0,P2,3.12.10,2,11,0,v2,2.14.0+cu130,27.818583726882935
0.9872132722615746,1.0177608503590836,0.8541666666666666,0.75,0.9166666666666666,0.1478452980518341,1.691770320609648,,d120_w96_k8x3_cv0.06,13.0,0.06,NVIDIA A10,cuda,v2a,,8,tabpfn_kb,1200,300,384,3,120,96,0,P2,3.12.10,3,11,0,v2,2.14.0+cu130,29.8185293674469
0.9872132722615746,1.0177608503590836,0.7708333333333334,0.5833333333333334,0.8833333333333333,0.1917014718055725,2.0076786558826414,,d120_w96_k8x3_cv0.06,13.0,0.06,NVIDIA A10,cuda,v2a,,8,tabpfn_kb,1200,300,480,3,120,96,0,P2,3.12.10,4,11,0,v2,2.14.0+cu130,32.14627742767334
0.6365259290764148,0.6245036724071689,,,,,,,d120_w96_k8x3_cv0.06,13.0,0.06,NVIDIA A10,cuda,v2a,,8,tabpfn_kb,1200,300,96,3,120,96,0,P2,3.12.10,0,11,1,v2,2.14.0+cu130,0.16323256492614746
0.6365259290764148,0.6245036724071689,0.5,0.5,0.5,0.23397301137447357,3.336216316794586,,d120_w96_k8x3_cv0.06,13.0,0.06,NVIDIA A10,cuda,v2a,,8,tabpfn_kb,1200,300,192,3,120,96,0,P2,3.12.10,1,11,1,v2,2.14.0+cu130,25.22246551513672
0.7675311383296392,0.8875816200548671,0.7395833333333334,0.5277777777777778,0.8666666666666667,0.120616115629673,1.8929339943423995,,d120_w96_k8x3_cv0.06,13.0,0.06,NVIDIA A10,cuda,v2a,,8,tabpfn_kb,1200,300,288,3,120,96,0,P2,3.12.10,2,11,1,v2,2.14.0+cu130,27.171493768692017
1.810649730455796,1.5887862388231258,0.71875,0.6388888888888888,0.7666666666666667,0.1755269169807434,2.10956466864198,,d120_w96_k8x3_cv0.06,13.0,0.06,NVIDIA A10,cuda,v2a,,8,tabpfn_kb,1200,300,384,3,120,96,0,P2,3.12.10,3,11,1,v2,2.14.0+cu130,29.054834604263306
1.810649730455796,1.7668570568060524,0.5104166666666666,0.5,0.5166666666666667,0.6973493695259094,3.791741387297678,,d120_w96_k8x3_cv0.06,13.0,0.06,NVIDIA A10,cuda,v2a,,8,tabpfn_kb,1200,300,480,3,120,96,0,P2,3.12.10,4,11,1,v2,2.14.0+cu130,31.526558876037598
0.6336439165530722,0.6783048606990572,,,,,,,d120_w96_k8x3_cv0.06,13.0,0.06,NVIDIA A10,cuda,v2a,,8,tabpfn_kb,1200,300,96,3,120,96,0,P2,3.12.10,0,12,1,v2,2.14.0+cu130,0.18117070198059082
1.6010975351216863,1.7793209543413417,0.2916666666666667,0.3055555555555556,0.2833333333333333,0.36061152815818787,3.375321033475956,,d120_w96_k8x3_cv0.06,13.0,0.06,NVIDIA A10,cuda,v2a,,8,tabpfn_kb,1200,300,192,3,120,96,0,P2,3.12.10,1,12,1,v2,2.14.0+cu130,25.38918685913086
2.7743996866193554,2.670300469317547,0.6458333333333334,0.6388888888888888,0.65,1.0623522996902466,4.4643680697486685,,d120_w96_k8x3_cv0.06,13.0,0.06,NVIDIA A10,cuda,v2a,,8,tabpfn_kb,1200,300,288,3,120,96,0,P2,3.12.10,2,12,1,v2,2.14.0+cu130,27.320207118988037
2.9604315611092855,2.715105778150126,0.8333333333333334,0.75,0.8833333333333333,2.1346547603607178,4.2060063642657,,d120_w96_k8x3_cv0.06,13.0,0.06,NVIDIA A10,cuda,v2a,,8,tabpfn_kb,1200,300,384,3,120,96,0,P2,3.12.10,3,12,1,v2,2.14.0+cu130,29.38569140434265
3.051834981671172,3.049531006919943,0.6666666666666666,0.7222222222222222,0.6333333333333333,2.164914131164551,3.383061196798145,,d120_w96_k8x3_cv0.06,13.0,0.06,NVIDIA A10,cuda,v2a,,8,tabpfn_kb,1200,300,480,3,120,96,0,P2,3.12.10,4,12,1,v2,2.14.0+cu130,32.139198780059814
0.5925264545102532,0.5522428470437526,,,,,,,d120_w96_k8x3_cv0.06,13.0,0.06,NVIDIA A10,cuda,v2a,,8,tabpfn_kb,1200,300,96,3,120,96,0,P2,3.12.10,0,11,2,v2,2.14.0+cu130,0.16926097869873047
0.5925264545102532,0.5522428470437526,0.16666666666666666,0.19444444444444445,0.15,0.2895653247833252,3.507359410729112,,d120_w96_k8x3_cv0.06,13.0,0.06,NVIDIA A10,cuda,v2a,,8,tabpfn_kb,1200,300,192,3,120,96,0,P2,3.12.10,1,11,2,v2,2.14.0+cu130,25.853265523910522
1.011770535017507,0.9775984715457267,0.8125,0.6111111111111112,0.9333333333333333,0.38196417689323425,4.230888937745401,,d120_w96_k8x3_cv0.06,13.0,0.06,NVIDIA A10,cuda,v2a,,8,tabpfn_kb,1200,300,288,3,120,96,0,P2,3.12.10,2,11,2,v2,2.14.0+cu130,27.68408441543579
1.011770535017507,0.9775984715457267,0.6979166666666666,0.6111111111111112,0.75,0.3332754075527191,2.9442415306279504,,d120_w96_k8x3_cv0.06,13.0,0.06,NVIDIA A10,cuda,v2a,,8,tabpfn_kb,1200,300,384,3,120,96,0,P2,3.12.10,3,11,2,v2,2.14.0+cu130,29.667821168899536
1.3763291611099098,1.4121915576529245,0.6458333333333334,0.5833333333333334,0.6833333333333333,0.7508442401885986,4.343806193171967,,d120_w96_k8x3_cv0.06,13.0,0.06,NVIDIA A10,cuda,v2a,,8,tabpfn_kb,1200,300,480,3,120,96,0,P2,3.12.10,4,11,2,v2,2.14.0+cu130,32.28982734680176
0.8941241911247243,0.9013523133505106,,,,,,,d120_w96_k8x3_cv0.06,13.0,0.06,NVIDIA A10,cuda,v2a,,8,tabpfn_kb,1200,300,96,3,120,96,0,P2,3.12.10,0,12,0,v2,2.14.0+cu130,0.18434548377990723
2.001885852498877,1.883025994903619,0.25,0.19444444444444445,0.2833333333333333,0.37228795886039734,2.7050300275889856,,d120_w96_k8x3_cv0.06,13.0,0.06,NVIDIA A10,cuda,v2a,,8,tabpfn_kb,1200,300,192,3,120,96,0,P2,3.12.10,1,12,0,v2,2.14.0+cu130,25.735337495803833
2.2595696338279265,2.436616930285507,0.59375,0.5277777777777778,0.6333333333333333,1.2527984380722046,4.154295437642981,,d120_w96_k8x3_cv0.06,13.0,0.06,NVIDIA A10,cuda,v2a,,8,tabpfn_kb,1200,300,288,3,120,96,0,P2,3.12.10,2,12,0,v2,2.14.0+cu130,27.702949047088623
2.774720694021184,2.6852307542610507,0.75,0.8888888888888888,0.6666666666666666,1.4132429361343384,2.3905158164602995,,d120_w96_k8x3_cv0.06,13.0,0.06,NVIDIA A10,cuda,v2a,,8,tabpfn_kb,1200,300,384,3,120,96,0,P2,3.12.10,3,12,0,v2,2.14.0+cu130,29.678014755249023
2.774720694021184,2.786885615783937,0.7708333333333334,0.7222222222222222,0.8,1.6080026626586914,2.0815757549186835,,d120_w96_k8x3_cv0.06,13.0,0.06,NVIDIA A10,cuda,v2a,,8,tabpfn_kb,1200,300,480,3,120,96,0,P2,3.12.10,4,12,0,v2,2.14.0+cu130,32.13821792602539
0.8651531951904115,0.8711607585814516,,,,,,,d120_w96_k8x3_cv0.06,13.0,0.06,NVIDIA A10,cuda,v2a,,8,tabpfn_kb,1200,300,96,3,120,96,0,P2,3.12.10,0,12,2,v2,2.14.0+cu130,0.1737992763519287
1.4423468303487246,1.376606271503041,0.2604166666666667,0.25,0.26666666666666666,0.2695675194263458,2.24166499837877,,d120_w96_k8x3_cv0.06,13.0,0.06,NVIDIA A10,cuda,v2a,,8,tabpfn_kb,1200,300,192,3,120,96,0,P2,3.12.10,1,12,2,v2,2.14.0+cu130,26.077816486358643
1.7228293012810518,1.5595908014898914,0.8020833333333334,0.8055555555555556,0.8,0.8379001021385193,3.410593356890199,,d120_w96_k8x3_cv0.06,13.0,0.06,NVIDIA A10,cuda,v2a,,8,tabpfn_kb,1200,300,288,3,120,96,0,P2,3.12.10,2,12,2,v2,2.14.0+cu130,27.95801091194153
1.7477816270071267,1.7103072057224722,0.6354166666666666,0.6111111111111112,0.65,1.0489286184310913,3.676083192180827,,d120_w96_k8x3_cv0.06,13.0,0.06,NVIDIA A10,cuda,v2a,,8,tabpfn_kb,1200,300,384,3,120,96,0,P2,3.12.10,3,12,2,v2,2.14.0+cu130,30.12784171104431
2.2806407011768965,2.310113004680117,0.7395833333333334,0.8611111111111112,0.6666666666666666,1.3171614408493042,3.5964687919596936,,d120_w96_k8x3_cv0.06,13.0,0.06,NVIDIA A10,cuda,v2a,,8,tabpfn_kb,1200,300,480,3,120,96,0,P2,3.12.10,4,12,2,v2,2.14.0+cu130,32.5846905708313
16.642176946943344,15.896948902128248,,,,,,,d120_w96_k8x3_cv0.06,13.0,0.06,NVIDIA A10,cuda,v2a,,8,tabpfn_kb,1200,300,96,3,120,96,0,P2,3.12.10,0,13,0,v2,2.14.0+cu130,0.2924385070800781
25.172619453714074,24.183936188478732,0.3333333333333333,0.3888888888888889,0.3,2.256737470626831,1.0884981781382923,,d120_w96_k8x3_cv0.06,13.0,0.06,NVIDIA A10,cuda,v2a,,8,tabpfn_kb,1200,300,192,3,120,96,0,P2,3.12.10,1,13,0,v2,2.14.0+cu130,25.318775415420532
28.06511177361555,25.597093113160938,0.7708333333333334,0.8333333333333334,0.7333333333333333,15.383212089538574,3.9982863222714466,,d120_w96_k8x3_cv0.06,13.0,0.06,NVIDIA A10,cuda,v2a,,8,tabpfn_kb,1200,300,288,3,120,96,0,P2,3.12.10,2,13,0,v2,2.14.0+cu130,27.484652996063232
32.68461635780758,30.498628044493078,0.7916666666666666,0.8055555555555556,0.7833333333333333,20.933883666992188,3.4636681248433874,,d120_w96_k8x3_cv0.06,13.0,0.06,NVIDIA A10,cuda,v2a,,8,tabpfn_kb,1200,300,384,3,120,96,0,P2,3.12.10,3,13,0,v2,2.14.0+cu130,29.276622533798218
35.601203020161265,38.39602327778968,0.53125,0.4722222222222222,0.5666666666666667,18.233184814453125,2.3945719602771516,,d120_w96_k8x3_cv0.06,13.0,0.06,NVIDIA A10,cuda,v2a,,8,tabpfn_kb,1200,300,480,3,120,96,0,P2,3.12.10,4,13,0,v2,2.14.0+cu130,31.670756101608276
19.85340405869763,20.313584140615983,,,,,,,d120_w96_k8x3_cv0.06,13.0,0.06,NVIDIA A10,cuda,v2a,,8,tabpfn_lp,1200,300,96,3,120,96,0,P2,3.12.10,0,10,0,v2,2.14.0+cu130,0.3394653797149658
19.85340405869763,20.313584140615983,0.5729166666666666,0.6111111111111112,0.55,7.5000786781311035,2.5491765385878584,,d120_w96_k8x3_cv0.06,13.0,0.06,NVIDIA A10,cuda,v2a,,8,tabpfn_lp,1200,300,192,3,120,96,0,P2,3.12.10,1,10,0,v2,2.14.0+cu130,1.2637813091278076
19.85340405869763,20.313584140615983,0.8229166666666666,0.7777777777777778,0.85,3.1967251300811768,1.397770776833499,,d120_w96_k8x3_cv0.06,13.0,0.06,NVIDIA A10,cuda,v2a,,8,tabpfn_lp,1200,300,288,3,120,96,0,P2,3.12.10,2,10,0,v2,2.14.0+cu130,1.388361930847168
19.85340405869763,20.313584140615983,0.8541666666666666,0.8333333333333334,0.8666666666666667,2.4311611652374268,1.1757963213822167,,d120_w96_k8x3_cv0.06,13.0,0.06,NVIDIA A10,cuda,v2a,,8,tabpfn_lp,1200,300,384,3,120,96,0,P2,3.12.10,3,10,0,v2,2.14.0+cu130,1.4792137145996094
20.57440456874204,22.545134192070755,0.7708333333333334,0.6944444444444444,0.8166666666666667,2.401315689086914,1.1662720768424975,,d120_w96_k8x3_cv0.06,13.0,0.06,NVIDIA A10,cuda,v2a,,8,tabpfn_lp,1200,300,480,3,120,96,0,P2,3.12.10,4,10,0,v2,2.14.0+cu130,1.5679957866668701
15.134680078181447,16.749749217128763,,,,,,,d120_w96_k8x3_cv0.06,13.0,0.06,NVIDIA A10,cuda,v2a,,8,tabpfn_lp,1200,300,96,3,120,96,0,P2,3.12.10,0,10,1,v2,2.14.0+cu130,0.34754419326782227
33.57987147776073,35.07103396836865,0.25,0.25,0.25,6.4857330322265625,2.691738003902517,,d120_w96_k8x3_cv0.06,13.0,0.06,NVIDIA A10,cuda,v2a,,8,tabpfn_lp,1200,300,192,3,120,96,0,P2,3.12.10,1,10,1,v2,2.14.0+cu130,1.262054443359375
33.57987147776073,35.07103396836865,0.7916666666666666,0.7777777777777778,0.8,1.9290690422058105,0.55603247750031,,d120_w96_k8x3_cv0.06,13.0,0.06,NVIDIA A10,cuda,v2a,,8,tabpfn_lp,1200,300,288,3,120,96,0,P2,3.12.10,2,10,1,v2,2.14.0+cu130,1.4014544486999512
33.57987147776073,35.07103396836865,0.9270833333333334,0.9166666666666666,0.9333333333333333,2.585294485092163,0.8274091546814559,,d120_w96_k8x3_cv0.06,13.0,0.06,NVIDIA A10,cuda,v2a,,8,tabpfn_lp,1200,300,384,3,120,96,0,P2,3.12.10,3,10,1,v2,2.14.0+cu130,1.4987199306488037
37.127828026046124,36.905990993922345,0.7083333333333334,0.7222222222222222,0.7,4.8590779304504395,1.575084167261759,,d120_w96_k8x3_cv0.06,13.0,0.06,NVIDIA A10,cuda,v2a,,8,tabpfn_lp,1200,300,480,3,120,96,0,P2,3.12.10,4,10,1,v2,2.14.0+cu130,1.557258129119873
28.373114454920877,29.36559011419132,,,,,,,d120_w96_k8x3_cv0.06,13.0,0.06,NVIDIA A10,cuda,v2a,,8,tabpfn_lp,1200,300,96,3,120,96,0,P2,3.12.10,0,10,2,v2,2.14.0+cu130,0.5471999645233154
51.68347098414162,51.114292972008705,0.4791666666666667,0.4722222222222222,0.48333333333333334,6.818619251251221,1.4494708681823827,,d120_w96_k8x3_cv0.06,13.0,0.06,NVIDIA A10,cuda,v2a,,8,tabpfn_lp,1200,300,192,3,120,96,0,P2,3.12.10,1,10,2,v2,2.14.0+cu130,1.250133752822876
52.90662091963393,53.80085863221775,0.7291666666666666,0.6944444444444444,0.75,32.64326095581055,4.793273279638685,,d120_w96_k8x3_cv0.06,13.0,0.06,NVIDIA A10,cuda,v2a,,8,tabpfn_lp,1200,300,288,3,120,96,0,P2,3.12.10,2,10,2,v2,2.14.0+cu130,1.3477706909179688
56.4904559311219,56.03423684860879,0.7916666666666666,0.8611111111111112,0.75,24.25409507751465,2.056959882730028,,d120_w96_k8x3_cv0.06,13.0,0.06,NVIDIA A10,cuda,v2a,,8,tabpfn_lp,1200,300,384,3,120,96,0,P2,3.12.10,3,10,2,v2,2.14.0+cu130,1.4586801528930664
61.9843343250141,58.74283528247263,0.8541666666666666,0.8055555555555556,0.8833333333333333,20.981828689575195,1.6314938615394174,,d120_w96_k8x3_cv0.06,13.0,0.06,NVIDIA A10,cuda,v2a,,8,tabpfn_lp,1200,300,480,3,120,96,0,P2,3.12.10,4,10,2,v2,2.14.0+cu130,1.5319459438323975
0.6744078097484498,0.6497177820663859,,,,,,,d120_w96_k8x3_cv0.06,13.0,0.06,NVIDIA A10,cuda,v2a,,8,tabpfn_lp,1200,300,96,3,120,96,0,P2,3.12.10,0,11,0,v2,2.14.0+cu130,0.16546177864074707
0.6744078097484498,0.6497177820663859,0.3541666666666667,0.4444444444444444,0.3,0.20416800677776337,2.3166511272887,,d120_w96_k8x3_cv0.06,13.0,0.06,NVIDIA A10,cuda,v2a,,8,tabpfn_lp,1200,300,192,3,120,96,0,P2,3.12.10,1,11,0,v2,2.14.0+cu130,1.254298210144043
0.6744078097484498,0.6497177820663859,0.8229166666666666,0.6666666666666666,0.9166666666666666,0.2846337854862213,2.9888534320022653,,d120_w96_k8x3_cv0.06,13.0,0.06,NVIDIA A10,cuda,v2a,,8,tabpfn_lp,1200,300,288,3,120,96,0,P2,3.12.10,2,11,0,v2,2.14.0+cu130,1.3962976932525635
0.6744078097484498,0.6497177820663859,0.84375,0.7777777777777778,0.8833333333333333,0.18883921205997467,2.2440841502326148,,d120_w96_k8x3_cv0.06,13.0,0.06,NVIDIA A10,cuda,v2a,,8,tabpfn_lp,1200,300,384,3,120,96,0,P2,3.12.10,3,11,0,v2,2.14.0+cu130,1.4983713626861572
0.6744078097484498,0.6497177820663859,0.7291666666666666,0.6111111111111112,0.8,0.1676093339920044,2.0231106197124995,,d120_w96_k8x3_cv0.06,13.0,0.06,NVIDIA A10,cuda,v2a,,8,tabpfn_lp,1200,300,480,3,120,96,0,P2,3.12.10,4,11,0,v2,2.14.0+cu130,1.5569608211517334
0.6365259290764148,0.6245036724071689,,,,,,,d120_w96_k8x3_cv0.06,13.0,0.06,NVIDIA A10,cuda,v2a,,8,tabpfn_lp,1200,300,96,3,120,96,0,P2,3.12.10,0,11,1,v2,2.14.0+cu130,0.16006994247436523
0.6365259290764148,0.6245036724071689,0.5833333333333334,0.6111111111111112,0.5666666666666667,0.2656181752681732,3.787444052462042,,d120_w96_k8x3_cv0.06,13.0,0.06,NVIDIA A10,cuda,v2a,,8,tabpfn_lp,1200,300,192,3,120,96,0,P2,3.12.10,1,11,1,v2,2.14.0+cu130,1.2378497123718262
0.7121705914644367,0.827663152761176,0.8541666666666666,0.8055555555555556,0.8833333333333333,0.09880157560110092,1.5739039406524868,,d120_w96_k8x3_cv0.06,13.0,0.06,NVIDIA A10,cuda,v2a,,8,tabpfn_lp,1200,300,288,3,120,96,0,P2,3.12.10,2,11,1,v2,2.14.0+cu130,1.3601305484771729
1.4201221682966252,1.447995266354606,0.6770833333333334,0.6388888888888888,0.7,0.15308861434459686,2.164531885890911,,d120_w96_k8x3_cv0.06,13.0,0.06,NVIDIA A10,cuda,v2a,,8,tabpfn_lp,1200,300,384,3,120,96,0,P2,3.12.10,3,11,1,v2,2.14.0+cu130,1.4640910625457764
1.4709614033119847,1.447995266354606,0.7916666666666666,0.8611111111111112,0.75,1.0000202655792236,6.373739673286426,,d120_w96_k8x3_cv0.06,13.0,0.06,NVIDIA A10,cuda,v2a,,8,tabpfn_lp,1200,300,480,3,120,96,0,P2,3.12.10,4,11,1,v2,2.14.0+cu130,1.537536859512329
0.5925264545102532,0.5522428470437526,,,,,,,d120_w96_k8x3_cv0.06,13.0,0.06,NVIDIA A10,cuda,v2a,,8,tabpfn_lp,1200,300,96,3,120,96,0,P2,3.12.10,0,11,2,v2,2.14.0+cu130,0.1674365997314453
0.5925264545102532,0.5522428470437526,0.3645833333333333,0.4166666666666667,0.3333333333333333,0.3012780547142029,3.6492298283253217,,d120_w96_k8x3_cv0.06,13.0,0.06,NVIDIA A10,cuda,v2a,,8,tabpfn_lp,1200,300,192,3,120,96,0,P2,3.12.10,1,11,2,v2,2.14.0+cu130,1.264005184173584
0.5925264545102532,0.5522428470437526,0.8229166666666666,0.6944444444444444,0.9,0.11949503421783447,1.6364495219883166,,d120_w96_k8x3_cv0.06,13.0,0.06,NVIDIA A10,cuda,v2a,,8,tabpfn_lp,1200,300,288,3,120,96,0,P2,3.12.10,2,11,2,v2,2.14.0+cu130,1.353254795074463
0.5925264545102532,0.5522428470437526,0.6875,0.5555555555555556,0.7666666666666667,0.07583297789096832,1.1783590908417805,,d120_w96_k8x3_cv0.06,13.0,0.06,NVIDIA A10,cuda,v2a,,8,tabpfn_lp,1200,300,384,3,120,96,0,P2,3.12.10,3,11,2,v2,2.14.0+cu130,1.4507887363433838
0.5925264545102532,0.5522428470437526,0.7291666666666666,0.6388888888888888,0.7833333333333333,0.10738936811685562,1.7856064426241889,,d120_w96_k8x3_cv0.06,13.0,0.06,NVIDIA A10,cuda,v2a,,8,tabpfn_lp,1200,300,480,3,120,96,0,P2,3.12.10,4,11,2,v2,2.14.0+cu130,1.5472798347473145
0.8941241911247243,0.9013523133505106,,,,,,,d120_w96_k8x3_cv0.06,13.0,0.06,NVIDIA A10,cuda,v2a,,8,tabpfn_lp,1200,300,96,3,120,96,0,P2,3.12.10,0,12,0,v2,2.14.0+cu130,0.1873030662536621
0.8941241911247243,0.9013523133505106,0.4791666666666667,0.4166666666666667,0.5166666666666667,0.3379106819629669,2.455246052413036,,d120_w96_k8x3_cv0.06,13.0,0.06,NVIDIA A10,cuda,v2a,,8,tabpfn_lp,1200,300,192,3,120,96,0,P2,3.12.10,1,12,0,v2,2.14.0+cu130,1.2902600765228271
1.0505813928157326,0.9782892205572211,0.78125,0.6388888888888888,0.8666666666666667,0.3831372559070587,2.7824002647996844,,d120_w96_k8x3_cv0.06,13.0,0.06,NVIDIA A10,cuda,v2a,,8,tabpfn_lp,1200,300,288,3,120,96,0,P2,3.12.10,2,12,0,v2,2.14.0+cu130,1.3794770240783691
1.7157560912861838,1.6293483171385228,0.625,0.6111111111111112,0.6333333333333333,0.4918001592159271,3.029836029759423,,d120_w96_k8x3_cv0.06,13.0,0.06,NVIDIA A10,cuda,v2a,,8,tabpfn_lp,1200,300,384,3,120,96,0,P2,3.12.10,3,12,0,v2,2.14.0+cu130,1.4851844310760498
1.9276298232790003,1.947065552029017,0.75,0.6666666666666666,0.8,0.9798354506492615,4.208412747128514,,d120_w96_k8x3_cv0.06,13.0,0.06,NVIDIA A10,cuda,v2a,,8,tabpfn_lp,1200,300,480,3,120,96,0,P2,3.12.10,4,12,0,v2,2.14.0+cu130,1.5676796436309814
0.6336439165530722,0.6783048606990572,,,,,,,d120_w96_k8x3_cv0.06,13.0,0.06,NVIDIA A10,cuda,v2a,,8,tabpfn_lp,1200,300,96,3,120,96,0,P2,3.12.10,0,12,1,v2,2.14.0+cu130,0.1799030303955078
1.2331236699121721,1.19662566355728,0.5,0.4722222222222222,0.5166666666666667,0.3234538733959198,3.0275256806365856,,d120_w96_k8x3_cv0.06,13.0,0.06,NVIDIA A10,cuda,v2a,,8,tabpfn_lp,1200,300,192,3,120,96,0,P2,3.12.10,1,12,1,v2,2.14.0+cu130,1.2355091571807861
2.9830647780336506,2.9222902812076836,0.7604166666666666,0.7222222222222222,0.7833333333333333,0.590105414390564,3.833140440172462,,d120_w96_k8x3_cv0.06,13.0,0.06,NVIDIA A10,cuda,v2a,,8,tabpfn_lp,1200,300,288,3,120,96,0,P2,3.12.10,2,12,1,v2,2.14.0+cu130,1.3565075397491455
2.9830647780336506,2.9222902812076836,0.8645833333333334,0.8888888888888888,0.85,1.4727929830551147,3.413041708836087,,d120_w96_k8x3_cv0.06,13.0,0.06,NVIDIA A10,cuda,v2a,,8,tabpfn_lp,1200,300,384,3,120,96,0,P2,3.12.10,3,12,1,v2,2.14.0+cu130,1.5668017864227295
2.9830647780336506,2.9222902812076836,0.7604166666666666,0.7222222222222222,0.7833333333333333,0.7960168719291687,1.3638898507494888,,d120_w96_k8x3_cv0.06,13.0,0.06,NVIDIA A10,cuda,v2a,,8,tabpfn_lp,1200,300,480,3,120,96,0,P2,3.12.10,4,12,1,v2,2.14.0+cu130,1.5336294174194336
0.8651531951904115,0.8711607585814516,,,,,,,d120_w96_k8x3_cv0.06,13.0,0.06,NVIDIA A10,cuda,v2a,,8,tabpfn_lp,1200,300,96,3,120,96,0,P2,3.12.10,0,12,2,v2,2.14.0+cu130,0.00016379356384277344
1.0698035399743027,0.9981300473786507,0.4895833333333333,0.4722222222222222,0.5,0.2736092507839203,2.2752751593373497,,d120_w96_k8x3_cv0.06,13.0,0.06,NVIDIA A10,cuda,v2a,,8,tabpfn_lp,1200,300,192,3,120,96,0,P2,3.12.10,1,12,2,v2,2.14.0+cu130,1.2631688117980957
1.0698035399743027,0.9981300473786507,0.7708333333333334,0.7222222222222222,0.8,0.6633773446083069,3.4839465786292547,,d120_w96_k8x3_cv0.06,13.0,0.06,NVIDIA A10,cuda,v2a,,8,tabpfn_lp,1200,300,288,3,120,96,0,P2,3.12.10,2,12,2,v2,2.14.0+cu130,1.400996446609497
1.2616354613479135,1.3075514500247347,0.8229166666666666,0.75,0.8666666666666667,0.37619659304618835,1.8581472225344733,,d120_w96_k8x3_cv0.06,13.0,0.06,NVIDIA A10,cuda,v2a,,8,tabpfn_lp,1200,300,384,3,120,96,0,P2,3.12.10,3,12,2,v2,2.14.0+cu130,1.6365852355957031
1.7211375221114562,1.6537660352393557,0.71875,0.75,0.7,0.7435453534126282,3.35146560519442,,d120_w96_k8x3_cv0.06,13.0,0.06,NVIDIA A10,cuda,v2a,,8,tabpfn_lp,1200,300,480,3,120,96,0,P2,3.12.10,4,12,2,v2,2.14.0+cu130,1.5900733470916748
16.642176946943344,15.896948902128248,,,,,,,d120_w96_k8x3_cv0.06,13.0,0.06,NVIDIA A10,cuda,v2a,,8,tabpfn_lp,1200,300,96,3,120,96,0,P2,3.12.10,0,13,0,v2,2.14.0+cu130,0.00015664100646972656
21.96967333027504,24.183936188478732,0.3854166666666667,0.3333333333333333,0.4166666666666667,2.30314040184021,1.1108798271973694,,d120_w96_k8x3_cv0.06,13.0,0.06,NVIDIA A10,cuda,v2a,,8,tabpfn_lp,1200,300,192,3,120,96,0,P2,3.12.10,1,13,0,v2,2.14.0+cu130,1.2179491519927979
32.07092582952345,31.379615790967343,0.6875,0.6388888888888888,0.7166666666666667,11.539203643798828,2.7550821002258723,,d120_w96_k8x3_cv0.06,13.0,0.06,NVIDIA A10,cuda,v2a,,8,tabpfn_lp,1200,300,288,3,120,96,0,P2,3.12.10,2,13,0,v2,2.14.0+cu130,1.3459300994873047
33.37167793307323,34.878701398644324,0.6041666666666666,0.5555555555555556,0.6333333333333333,18.372020721435547,2.49243013382865,,d120_w96_k8x3_cv0.06,13.0,0.06,NVIDIA A10,cuda,v2a,,8,tabpfn_lp,1200,300,384,3,120,96,0,P2,3.12.10,3,13,0,v2,2.14.0+cu130,1.4512691497802734
35.94831910057066,36.97508694882291,0.7916666666666666,0.8611111111111112,0.75,17.982934951782227,2.134228592407756,,d120_w96_k8x3_cv0.06,13.0,0.06,NVIDIA A10,cuda,v2a,,8,tabpfn_lp,1200,300,480,3,120,96,0,P2,3.12.10,4,13,0,v2,2.14.0+cu130,1.685615062713623
12.87199732922339,13.444472235990656,,,,,,,d120_w96_k8x3_cv0.06,13.0,0.06,NVIDIA A10,cuda,v2a,,8,tabpfn_lp,1200,300,96,3,120,96,0,P2,3.12.10,0,13,2,v2,2.14.0+cu130,0.28524041175842285
15.154974247380146,14.508891987746875,0.3958333333333333,0.3888888888888889,0.4,3.462937116622925,1.594943493377826,,d120_w96_k8x3_cv0.06,13.0,0.06,NVIDIA A10,cuda,v2a,,8,tabpfn_lp,1200,300,192,3,120,96,0,P2,3.12.10,1,13,2,v2,2.14.0+cu130,1.2707715034484863
17.176874567423514,15.80760798590736,0.6145833333333334,0.5555555555555556,0.65,3.5748956203460693,1.6833583126968144,,d120_w96_k8x3_cv0.06,13.0,0.06,NVIDIA A10,cuda,v2a,,8,tabpfn_lp,1200,300,288,3,120,96,0,P2,3.12.10,2,13,2,v2,2.14.0+cu130,1.3664424419403076
26.323091645321583,27.93781158379219,0.8645833333333334,0.9444444444444444,0.8166666666666667,9.698882102966309,3.241131072923593,,d120_w96_k8x3_cv0.06,13.0,0.06,NVIDIA A10,cuda,v2a,,8,tabpfn_lp,1200,300,384,3,120,96,0,P2,3.12.10,3,13,2,v2,2.14.0+cu130,1.4596431255340576
29.39971957392663,27.93781158379219,0.9166666666666666,0.9444444444444444,0.9,12.800766944885254,3.162800920256085,,d120_w96_k8x3_cv0.06,13.0,0.06,NVIDIA A10,cuda,v2a,,8,tabpfn_lp,1200,300,480,3,120,96,0,P2,3.12.10,4,13,2,v2,2.14.0+cu130,1.5469551086425781
28.167887125669225,26.138401549021317,,,,,,,d120_w96_k8x3_cv0.06,13.0,0.06,NVIDIA A10,cuda,v2a,,8,tabpfn_lp,1200,300,96,3,120,96,0,P2,3.12.10,0,13,1,v2,2.14.0+cu130,0.2880721092224121
28.167887125669225,26.395640030416068,0.59375,0.5833333333333334,0.6,8.765117645263672,2.9874602445986156,,d120_w96_k8x3_cv0.06,13.0,0.06,NVIDIA A10,cuda,v2a,,8,tabpfn_lp,1200,300,192,3,120,96,0,P2,3.12.10,1,13,1,v2,2.14.0+cu130,1.259699821472168
32.22612046172011,31.831683460323312,0.7083333333333334,0.5833333333333334,0.7833333333333333,12.411273956298828,2.210836191615918,,d120_w96_k8x3_cv0.06,13.0,0.06,NVIDIA A10,cuda,v2a,,8,tabpfn_lp,1200,300,288,3,120,96,0,P2,3.12.10,2,13,1,v2,2.14.0+cu130,1.3790266513824463
39.6595198879585,36.4555729513279,0.625,0.6388888888888888,0.6166666666666667,18.390722274780273,2.595321914252305,,d120_w96_k8x3_cv0.06,13.0,0.06,NVIDIA A10,cuda,v2a,,8,tabpfn_lp,1200,300,384,3,120,96,0,P2,3.12.10,3,13,1,v2,2.14.0+cu130,1.4459376335144043
41.30296230780296,38.12123148795133,0.6041666666666666,0.7222222222222222,0.5333333333333333,24.272123336791992,2.659974594851807,,d120_w96_k8x3_cv0.06,13.0,0.06,NVIDIA A10,cuda,v2a,,8,tabpfn_lp,1200,300,480,3,120,96,0,P2,3.12.10,4,13,1,v2,2.14.0+cu130,1.5477161407470703
8.33189167868989,9.808317567903897,,,,,,,d120_w96_k8x3_cv0.06,13.0,0.06,NVIDIA A10,cuda,v2a,,8,tabpfn_lp,1200,300,96,3,120,96,0,P2,3.12.10,0,14,0,v2,2.14.0+cu130,0.2590177059173584
8.33189167868989,9.808317567903897,0.4479166666666667,0.4444444444444444,0.45,3.0638763904571533,2.159150028281263,,d120_w96_k8x3_cv0.06,13.0,0.06,NVIDIA A10,cuda,v2a,,8,tabpfn_lp,1200,300,192,3,120,96,0,P2,3.12.10,1,14,0,v2,2.14.0+cu130,1.2366549968719482
28.039736494286597,28.719354289703357,0.75,0.6666666666666666,0.8,1.9799365997314453,1.696768111670945,,d120_w96_k8x3_cv0.06,13.0,0.06,NVIDIA A10,cuda,v2a,,8,tabpfn_lp,1200,300,288,3,120,96,0,P2,3.12.10,2,14,0,v2,2.14.0+cu130,1.3612122535705566
51.5337048595802,48.69665417172934,0.78125,0.7777777777777778,0.7833333333333333,2.806690216064453,1.1677946428799786,,d120_w96_k8x3_cv0.06,13.0,0.06,NVIDIA A10,cuda,v2a,,8,tabpfn_lp,1200,300,384,3,120,96,0,P2,3.12.10,3,14,0,v2,2.14.0+cu130,1.4465739727020264
54.52429352187705,49.072965096401575,0.8229166666666666,0.7222222222222222,0.8833333333333333,15.04662799835205,2.723837567932012,,d120_w96_k8x3_cv0.06,13.0,0.06,NVIDIA A10,cuda,v2a,,8,tabpfn_lp,1200,300,480,3,120,96,0,P2,3.12.10,4,14,0,v2,2.14.0+cu130,1.5322258472442627
20.357411420837796,23.836964720118807,,,,,,,d120_w96_k8x3_cv0.06,13.0,0.06,NVIDIA A10,cuda,v2a,,8,tabpfn_lp,1200,300,96,3,120,96,0,P2,3.12.10,0,14,1,v2,2.14.0+cu130,0.3209390640258789
40.43203021860139,38.50508414436035,0.53125,0.5,0.55,5.0540032386779785,1.979665112954891,,d120_w96_k8x3_cv0.06,13.0,0.06,NVIDIA A10,cuda,v2a,,8,tabpfn_lp,1200,300,192,3,120,96,0,P2,3.12.10,1,14,1,v2,2.14.0+cu130,1.284550428390503
40.43203021860139,40.47253644327459,0.9166666666666666,0.9444444444444444,0.9,21.865341186523438,2.889962336064811,,d120_w96_k8x3_cv0.06,13.0,0.06,NVIDIA A10,cuda,v2a,,8,tabpfn_lp,1200,300,288,3,120,96,0,P2,3.12.10,2,14,1,v2,2.14.0+cu130,1.3897621631622314
56.35265553025799,53.73624540548913,0.7708333333333334,0.8333333333333334,0.7333333333333333,20.954038619995117,2.461322263765621,,d120_w96_k8x3_cv0.06,13.0,0.06,NVIDIA A10,cuda,v2a,,8,tabpfn_lp,1200,300,384,3,120,96,0,P2,3.12.10,3,14,1,v2,2.14.0+cu130,1.4963912963867188
63.88398900323064,58.022693450255304,0.7916666666666666,0.8333333333333334,0.7666666666666667,28.000213623046875,2.3799928935259165,,d120_w96_k8x3_cv0.06,13.0,0.06,NVIDIA A10,cuda,v2a,,8,tabpfn_lp,1200,300,480,3,120,96,0,P2,3.12.10,4,14,1,v2,2.14.0+cu130,1.5778024196624756
20.203650433938055,19.951576062070053,,,,,,,d120_w96_k8x3_cv0.06,13.0,0.06,NVIDIA A10,cuda,v2a,,8,tabpfn_lp,1200,300,96,3,120,96,0,P2,3.12.10,0,14,2,v2,2.14.0+cu130,0.3501574993133545
25.834983570071955,26.589867087456188,0.34375,0.3333333333333333,0.35,4.317385673522949,1.6213588371358896,,d120_w96_k8x3_cv0.06,13.0,0.06,NVIDIA A10,cuda,v2a,,8,tabpfn_lp,1200,300,192,3,120,96,0,P2,3.12.10,1,14,2,v2,2.14.0+cu130,1.2390847206115723
28.69045168979256,28.9405348460461,0.8125,0.9166666666666666,0.75,15.991267204284668,3.152212638006529,,d120_w96_k8x3_cv0.06,13.0,0.06,NVIDIA A10,cuda,v2a,,8,tabpfn_lp,1200,300,288,3,120,96,0,P2,3.12.10,2,14,2,v2,2.14.0+cu130,1.359358787536621
42.10274165125304,44.10430962554487,0.71875,0.6666666666666666,0.75,13.130623817443848,1.8334267056863915,,d120_w96_k8x3_cv0.06,13.0,0.06,NVIDIA A10,cuda,v2a,,8,tabpfn_lp,1200,300,384,3,120,96,0,P2,3.12.10,3,14,2,v2,2.14.0+cu130,1.46537446975708
55.328079088837214,54.92620278483083,0.6770833333333334,0.6666666666666666,0.6833333333333333,15.479813575744629,1.823721598860157,,d120_w96_k8x3_cv0.06,13.0,0.06,NVIDIA A10,cuda,v2a,,8,tabpfn_lp,1200,300,480,3,120,96,0,P2,3.12.10,4,14,2,v2,2.14.0+cu130,1.5342085361480713
12.87199732922339,13.444472235990656,,,,,,,d120_w96_k8x3_cv0.06,13.0,0.06,NVIDIA A10,cuda,v2a,,8,tabpfn_kb,1200,300,96,3,120,96,0,P2,3.12.10,0,13,2,v2,2.14.0+cu130,0.2728259563446045
21.733335352418305,23.994119340506842,0.3020833333333333,0.2777777777777778,0.31666666666666665,3.1274783611297607,1.440439457828888,,d120_w96_k8x3_cv0.06,13.0,0.06,NVIDIA A10,cuda,v2a,,8,tabpfn_kb,1200,300,192,3,120,96,0,P2,3.12.10,1,13,2,v2,2.14.0+cu130,24.96872353553772
21.733335352418305,23.994119340506842,0.8645833333333334,0.8333333333333334,0.8833333333333333,7.2618408203125,2.5266497310389204,,d120_w96_k8x3_cv0.06,13.0,0.06,NVIDIA A10,cuda,v2a,,8,tabpfn_kb,1200,300,288,3,120,96,0,P2,3.12.10,2,13,2,v2,2.14.0+cu130,27.420085191726685
28.22317334421023,28.070399019699625,0.8125,0.8333333333333334,0.8,15.3601655960083,3.9234505329128764,,d120_w96_k8x3_cv0.06,13.0,0.06,NVIDIA A10,cuda,v2a,,8,tabpfn_kb,1200,300,384,3,120,96,0,P2,3.12.10,3,13,2,v2,2.14.0+cu130,28.79216957092285
29.63817625618941,30.025630825120054,0.6979166666666666,0.75,0.6666666666666666,19.226472854614258,3.3784575820718716,,d120_w96_k8x3_cv0.06,13.0,0.06,NVIDIA A10,cuda,v2a,,8,tabpfn_kb,1200,300,480,3,120,96,0,P2,3.12.10,4,13,2,v2,2.14.0+cu130,31.147879600524902
28.167887125669225,26.138401549021317,,,,,,,d120_w96_k8x3_cv0.06,13.0,0.06,NVIDIA A10,cuda,v2a,,8,tabpfn_kb,1200,300,96,3,120,96,0,P2,3.12.10,0,13,1,v2,2.14.0+cu130,0.2870011329650879
28.167887125669225,26.395640030416068,0.4895833333333333,0.5833333333333334,0.43333333333333335,8.557422637939453,2.916670484267446,,d120_w96_k8x3_cv0.06,13.0,0.06,NVIDIA A10,cuda,v2a,,8,tabpfn_kb,1200,300,192,3,120,96,0,P2,3.12.10,1,13,1,v2,2.14.0+cu130,25.03014826774597
34.63844431291405,33.39170335200661,0.5416666666666666,0.5555555555555556,0.5333333333333333,23.657323837280273,3.786129791750047,,d120_w96_k8x3_cv0.06,13.0,0.06,NVIDIA A10,cuda,v2a,,8,tabpfn_kb,1200,300,288,3,120,96,0,P2,3.12.10,2,13,1,v2,2.14.0+cu130,27.123255968093872
40.418625605300164,36.932677911889336,0.625,0.6944444444444444,0.5833333333333334,25.052825927734375,2.9295980708261586,,d120_w96_k8x3_cv0.06,13.0,0.06,NVIDIA A10,cuda,v2a,,8,tabpfn_kb,1200,300,384,3,120,96,0,P2,3.12.10,3,13,1,v2,2.14.0+cu130,29.174699783325195
41.17890405424274,37.17028738102189,0.6145833333333334,0.6111111111111112,0.6166666666666667,20.409151077270508,1.729722265835211,,d120_w96_k8x3_cv0.06,13.0,0.06,NVIDIA A10,cuda,v2a,,8,tabpfn_kb,1200,300,480,3,120,96,0,P2,3.12.10,4,13,1,v2,2.14.0+cu130,31.991270065307617
8.33189167868989,9.808317567903897,,,,,,,d120_w96_k8x3_cv0.06,13.0,0.06,NVIDIA A10,cuda,v2a,,8,tabpfn_kb,1200,300,96,3,120,96,0,P2,3.12.10,0,14,0,v2,2.14.0+cu130,0.25556087493896484
24.587401089647443,24.813681809223787,0.2916666666666667,0.3888888888888889,0.23333333333333334,3.2523202896118164,2.291948678858845,,d120_w96_k8x3_cv0.06,13.0,0.06,NVIDIA A10,cuda,v2a,,8,tabpfn_kb,1200,300,192,3,120,96,0,P2,3.12.10,1,14,0,v2,2.14.0+cu130,25.695682287216187
30.634830747561036,30.48989472131818,0.8125,0.7777777777777778,0.8333333333333334,3.9873316287994385,1.2891262476757654,,d120_w96_k8x3_cv0.06,13.0,0.06,NVIDIA A10,cuda,v2a,,8,tabpfn_kb,1200,300,288,3,120,96,0,P2,3.12.10,2,14,0,v2,2.14.0+cu130,27.72666645050049
38.17562487954712,34.85176482219046,0.78125,0.8611111111111112,0.7333333333333333,16.571382522583008,3.6339865552143267,,d120_w96_k8x3_cv0.06,13.0,0.06,NVIDIA A10,cuda,v2a,,8,tabpfn_kb,1200,300,384,3,120,96,0,P2,3.12.10,3,14,0,v2,2.14.0+cu130,29.66276502609253
42.12067154357243,42.92143284839954,0.875,0.9444444444444444,0.8333333333333334,26.66320037841797,3.9365366943918794,,d120_w96_k8x3_cv0.06,13.0,0.06,NVIDIA A10,cuda,v2a,,8,tabpfn_kb,1200,300,480,3,120,96,0,P2,3.12.10,4,14,0,v2,2.14.0+cu130,32.33972787857056
20.203650433938055,19.951576062070053,,,,,,,d120_w96_k8x3_cv0.06,13.0,0.06,NVIDIA A10,cuda,v2a,,8,tabpfn_kb,1200,300,96,3,120,96,0,P2,3.12.10,0,14,2,v2,2.14.0+cu130,0.35698366165161133
24.878519504543906,26.589867087456188,0.2916666666666667,0.19444444444444445,0.35,4.228585720062256,1.5880107417448037,,d120_w96_k8x3_cv0.06,13.0,0.06,NVIDIA A10,cuda,v2a,,8,tabpfn_kb,1200,300,192,3,120,96,0,P2,3.12.10,1,14,2,v2,2.14.0+cu130,25.07379698753357
29.758397527245254,29.702304414681834,0.7708333333333334,0.8055555555555556,0.75,21.98883056640625,4.040160112142904,,d120_w96_k8x3_cv0.06,13.0,0.06,NVIDIA A10,cuda,v2a,,8,tabpfn_kb,1200,300,288,3,120,96,0,P2,3.12.10,2,14,2,v2,2.14.0+cu130,27.20285391807556
39.79467771685089,40.29774475751707,0.5729166666666666,0.5277777777777778,0.6,18.540451049804688,2.517741196343094,,d120_w96_k8x3_cv0.06,13.0,0.06,NVIDIA A10,cuda,v2a,,8,tabpfn_kb,1200,300,384,3,120,96,0,P2,3.12.10,3,14,2,v2,2.14.0+cu130,28.93537139892578
51.53190694663472,48.40164549614021,0.8229166666666666,0.8333333333333334,0.8166666666666667,30.539152145385742,3.4011495492655675,,d120_w96_k8x3_cv0.06,13.0,0.06,NVIDIA A10,cuda,v2a,,8,tabpfn_kb,1200,300,480,3,120,96,0,P2,3.12.10,4,14,2,v2,2.14.0+cu130,31.14379119873047
20.357411420837796,23.836964720118807,,,,,,,d120_w96_k8x3_cv0.06,13.0,0.06,NVIDIA A10,cuda,v2a,,8,tabpfn_kb,1200,300,96,3,120,96,0,P2,3.12.10,0,14,1,v2,2.14.0+cu130,0.33942198753356934
44.36890479913452,39.792939567453075,0.375,0.4444444444444444,0.3333333333333333,4.695091247558594,1.8390784306982173,,d120_w96_k8x3_cv0.06,13.0,0.06,NVIDIA A10,cuda,v2a,,8,tabpfn_kb,1200,300,192,3,120,96,0,P2,3.12.10,1,14,1,v2,2.14.0+cu130,25.95924687385559
50.15259097001456,48.09276344955723,0.90625,0.8888888888888888,0.9166666666666666,36.49209976196289,4.669959699796537,,d120_w96_k8x3_cv0.06,13.0,0.06,NVIDIA A10,cuda,v2a,,8,tabpfn_kb,1200,300,288,3,120,96,0,P2,3.12.10,2,14,1,v2,2.14.0+cu130,27.980918645858765
50.15259097001456,48.09276344955723,0.71875,0.6111111111111112,0.7833333333333333,28.146921157836914,2.4732875395145326,,d120_w96_k8x3_cv0.06,13.0,0.06,NVIDIA A10,cuda,v2a,,8,tabpfn_kb,1200,300,384,3,120,96,0,P2,3.12.10,3,14,1,v2,2.14.0+cu130,29.250259160995483
58.57226987817797,57.95986014432537,0.5625,0.5277777777777778,0.5833333333333334,28.636178970336914,2.02404754760532,,d120_w96_k8x3_cv0.06,13.0,0.06,NVIDIA A10,cuda,v2a,,8,tabpfn_kb,1200,300,480,3,120,96,0,P2,3.12.10,4,14,1,v2,2.14.0+cu130,31.571160078048706
